"path","aktif/retired","kedalaman pemeriksaan","finding ID","rekomendasi","acceptance"
".agent/agents/architect.md","aktif","inventaris path saja; isi tidak diaudit ulang","—","Tidak ada perubahan dari inventaris saja","Tidak ada klaim kebenaran isi"
".agent/agents/brain.md","aktif","inventaris path saja; isi tidak diaudit ulang","—","Tidak ada perubahan dari inventaris saja","Tidak ada klaim kebenaran isi"
".agent/agents/build-fixer.md","aktif","inventaris path saja; isi tidak diaudit ulang","—","Tidak ada perubahan dari inventaris saja","Tidak ada klaim kebenaran isi"
".agent/agents/code-reviewer.md","aktif","inventaris path saja; isi tidak diaudit ulang","—","Tidak ada perubahan dari inventaris saja","Tidak ada klaim kebenaran isi"
".agent/agents/doc-updater.md","aktif","inventaris path saja; isi tidak diaudit ulang","—","Tidak ada perubahan dari inventaris saja","Tidak ada klaim kebenaran isi"
".agent/agents/e2e-runner.md","aktif","inventaris path saja; isi tidak diaudit ulang","—","Tidak ada perubahan dari inventaris saja","Tidak ada klaim kebenaran isi"
".agent/benchmarks/framework-audit.after.json","aktif","inventaris path saja; isi tidak diaudit ulang","—","Tidak ada perubahan dari inventaris saja","Tidak ada klaim kebenaran isi"
".agent/benchmarks/grilling-sdlc-audit.after.json","aktif","inventaris path saja; isi tidak diaudit ulang","—","Tidak ada perubahan dari inventaris saja","Tidak ada klaim kebenaran isi"
".agent/benchmarks/grilling-sdlc-token.after.json","aktif","inventaris path saja; isi tidak diaudit ulang","—","Tidak ada perubahan dari inventaris saja","Tidak ada klaim kebenaran isi"
".agent/benchmarks/hotspot-scan.md","aktif","inventaris path saja; isi tidak diaudit ulang","—","Tidak ada perubahan dari inventaris saja","Tidak ada klaim kebenaran isi"
".agent/benchmarks/token-baseline.before.json","aktif","inventaris path saja; isi tidak diaudit ulang","—","Tidak ada perubahan dari inventaris saja","Tidak ada klaim kebenaran isi"
".agent/benchmarks/token-benchmark.after.json","aktif","inventaris path saja; isi tidak diaudit ulang","—","Tidak ada perubahan dari inventaris saja","Tidak ada klaim kebenaran isi"
".agent/benchmarks/ui-search-cache.after.json","aktif","inventaris path saja; isi tidak diaudit ulang","—","Tidak ada perubahan dari inventaris saja","Tidak ada klaim kebenaran isi"
".agent/benchmarks/workflow-inventory.md","aktif","inventaris path saja; isi tidak diaudit ulang","—","Tidak ada perubahan dari inventaris saja","Tidak ada klaim kebenaran isi"
".agent/context/agent-index.md","aktif","inventaris path saja; isi tidak diaudit ulang","—","Tidak ada perubahan dari inventaris saja","Tidak ada klaim kebenaran isi"
".agent/context/agent-models.json","aktif","inventaris path saja; isi tidak diaudit ulang","—","Tidak ada perubahan dari inventaris saja","Tidak ada klaim kebenaran isi"
".agent/context/checkpoint.contract.md","aktif","penuh + content review","ND-09","Enam kebutuhan inti; detail kondisional","Review material/authority tetap; H01-H12"
".agent/context/doc-budgets.json","retired","inventaris path saja; isi tidak diaudit ulang","—","Pertahankan file retired","Tidak ada klaim kebenaran isi"
".agent/context/hook-index.md","aktif","inventaris path saja; isi tidak diaudit ulang","—","Tidak ada perubahan dari inventaris saja","Tidak ada klaim kebenaran isi"
".agent/context/operation-inventory.json","retired","inventaris path saja; isi tidak diaudit ulang","—","Pertahankan file retired","Tidak ada klaim kebenaran isi"
".agent/context/output-budgets.json","aktif","inventaris path saja; isi tidak diaudit ulang","—","Tidak ada perubahan dari inventaris saja","Tidak ada klaim kebenaran isi"
".agent/context/output-style.md","aktif","penuh + konsistensi","ND-10","Hasil; bukti; next action; detail relevan","IDs/parser/skeleton dan default JSON tetap"
".agent/context/project-config.json","retired","inventaris path saja; isi tidak diaudit ulang","—","Pertahankan file retired","Tidak ada klaim kebenaran isi"
".agent/context/retired-assets.json","aktif","inventaris path saja; isi tidak diaudit ulang","—","Tidak ada perubahan dari inventaris saja","Tidak ada klaim kebenaran isi"
".agent/context/routing-index.md","aktif","inventaris path saja; isi tidak diaudit ulang","—","Tidak ada perubahan dari inventaris saja","Tidak ada klaim kebenaran isi"
".agent/context/rule-index.md","aktif","inventaris path saja; isi tidak diaudit ulang","—","Tidak ada perubahan dari inventaris saja","Tidak ada klaim kebenaran isi"
".agent/context/schemas/authority-artifact-v2.schema.json","retired","inventaris path saja; isi tidak diaudit ulang","—","Pertahankan file retired","Tidak ada klaim kebenaran isi"
".agent/context/schemas/automation-trigger-v2.schema.json","retired","inventaris path saja; isi tidak diaudit ulang","—","Pertahankan file retired","Tidak ada klaim kebenaran isi"
".agent/context/schemas/background-dispatch-v2.schema.json","retired","inventaris path saja; isi tidak diaudit ulang","—","Pertahankan file retired","Tidak ada klaim kebenaran isi"
".agent/context/schemas/budget-confirmation-v2.schema.json","retired","inventaris path saja; isi tidak diaudit ulang","—","Pertahankan file retired","Tidak ada klaim kebenaran isi"
".agent/context/schemas/budget-proposal-v2.schema.json","retired","inventaris path saja; isi tidak diaudit ulang","—","Pertahankan file retired","Tidak ada klaim kebenaran isi"
".agent/context/schemas/eval-result-v2.schema.json","retired","inventaris path saja; isi tidak diaudit ulang","—","Pertahankan file retired","Tidak ada klaim kebenaran isi"
".agent/context/schemas/geniusloop-outcome-v2.schema.json","retired","inventaris path saja; isi tidak diaudit ulang","—","Pertahankan file retired","Tidak ada klaim kebenaran isi"
".agent/context/schemas/host-capability-v2.schema.json","retired","inventaris path saja; isi tidak diaudit ulang","—","Pertahankan file retired","Tidak ada klaim kebenaran isi"
".agent/context/schemas/iteration-learning-v2.schema.json","retired","inventaris path saja; isi tidak diaudit ulang","—","Pertahankan file retired","Tidak ada klaim kebenaran isi"
".agent/context/schemas/loop-run-contract-v2.schema.json","retired","inventaris path saja; isi tidak diaudit ulang","—","Pertahankan file retired","Tidak ada klaim kebenaran isi"
".agent/context/schemas/loop-run-event-v2.schema.json","retired","inventaris path saja; isi tidak diaudit ulang","—","Pertahankan file retired","Tidak ada klaim kebenaran isi"
".agent/context/schemas/loop-run-state-v2.schema.json","retired","inventaris path saja; isi tidak diaudit ulang","—","Pertahankan file retired","Tidak ada klaim kebenaran isi"
".agent/context/schemas/operation-inventory-v2.schema.json","retired","inventaris path saja; isi tidak diaudit ulang","—","Pertahankan file retired","Tidak ada klaim kebenaran isi"
".agent/context/schemas/project-config-v2.schema.json","retired","inventaris path saja; isi tidak diaudit ulang","—","Pertahankan file retired","Tidak ada klaim kebenaran isi"
".agent/context/schemas/project-mode-capability-v2.schema.json","retired","inventaris path saja; isi tidak diaudit ulang","—","Pertahankan file retired","Tidak ada klaim kebenaran isi"
".agent/context/schemas/runtime-common-v2.schema.json","retired","inventaris path saja; isi tidak diaudit ulang","—","Pertahankan file retired","Tidak ada klaim kebenaran isi"
".agent/context/schemas/usage-receipt-v2.schema.json","retired","inventaris path saja; isi tidak diaudit ulang","—","Pertahankan file retired","Tidak ada klaim kebenaran isi"
".agent/context/schemas/verified-pattern-v2.schema.json","retired","inventaris path saja; isi tidak diaudit ulang","—","Pertahankan file retired","Tidak ada klaim kebenaran isi"
".agent/context/schemas/work-package-ledger-v2.schema.json","retired","inventaris path saja; isi tidak diaudit ulang","—","Pertahankan file retired","Tidak ada klaim kebenaran isi"
".agent/context/skill-index.md","aktif","inventaris path saja; isi tidak diaudit ulang","—","Tidak ada perubahan dari inventaris saja","Tidak ada klaim kebenaran isi"
".agent/context/skills/delivery-planning.contract.md","aktif","inventaris path saja; isi tidak diaudit ulang","—","Tidak ada perubahan dari inventaris saja","Tidak ada klaim kebenaran isi"
".agent/context/skills/execution-verification.contract.md","aktif","penuh + konsistensi","ND-06","Topology dekat gate","LOCAL_ONLY lokal; networked real-provider"
".agent/context/skills/git-workflow-operation.contract.md","aktif","inventaris path saja; isi tidak diaudit ulang","—","Tidak ada perubahan dari inventaris saja","Tidak ada klaim kebenaran isi"
".agent/context/skills/interface-design.contract.md","aktif","inventaris path saja; isi tidak diaudit ulang","—","Tidak ada perubahan dari inventaris saja","Tidak ada klaim kebenaran isi"
".agent/context/skills/risk-audit.contract.md","aktif","inventaris path saja; isi tidak diaudit ulang","—","Tidak ada perubahan dari inventaris saja","Tidak ada klaim kebenaran isi"
".agent/context/skills/sc-plan.contract.md","aktif","inventaris path saja; isi tidak diaudit ulang","—","Tidak ada perubahan dari inventaris saja","Tidak ada klaim kebenaran isi"
".agent/context/skills/sc-work.contract.md","aktif","inventaris path saja; isi tidak diaudit ulang","—","Tidak ada perubahan dari inventaris saja","Tidak ada klaim kebenaran isi"
".agent/context/template-index.md","aktif","inventaris path saja; isi tidak diaudit ulang","—","Tidak ada perubahan dari inventaris saja","Tidak ada klaim kebenaran isi"
".agent/context/token-budget-gates.md","aktif","inventaris path saja; isi tidak diaudit ulang","—","Tidak ada perubahan dari inventaris saja","Tidak ada klaim kebenaran isi"
".agent/context/workflow-dispatch.md","aktif","inventaris path saja; isi tidak diaudit ulang","—","Tidak ada perubahan dari inventaris saja","Tidak ada klaim kebenaran isi"
".agent/context/workflow-invariants.json","aktif","inventaris path saja; isi tidak diaudit ulang","—","Tidak ada perubahan dari inventaris saja","Tidak ada klaim kebenaran isi"
".agent/context/workflows/sc-audit.contract.md","aktif","inventaris path saja; isi tidak diaudit ulang","—","Tidak ada perubahan dari inventaris saja","Tidak ada klaim kebenaran isi"
".agent/context/workflows/sc-compound.contract.md","aktif","inventaris path saja; isi tidak diaudit ulang","—","Tidak ada perubahan dari inventaris saja","Tidak ada klaim kebenaran isi"
".agent/context/workflows/sc-debug.contract.md","aktif","bagian relevan + konsistensi","ND-04;ND-06","Knowledge advisory; applicability UI","Authority/provenance dan topology konsisten"
".agent/context/workflows/sc-eval.contract.md","aktif","inventaris path saja; isi tidak diaudit ulang","—","Tidak ada perubahan dari inventaris saja","Tidak ada klaim kebenaran isi"
".agent/context/workflows/sc-evolve.contract.md","aktif","inventaris path saja; isi tidak diaudit ulang","—","Tidak ada perubahan dari inventaris saja","Tidak ada klaim kebenaran isi"
".agent/context/workflows/sc-explore.contract.md","aktif","inventaris path saja; isi tidak diaudit ulang","—","Tidak ada perubahan dari inventaris saja","Tidak ada klaim kebenaran isi"
".agent/context/workflows/sc-geniusloop.contract.md","aktif","inventaris path saja; isi tidak diaudit ulang","—","Tidak ada perubahan dari inventaris saja","Tidak ada klaim kebenaran isi"
".agent/context/workflows/sc-go.contract.md","aktif","inventaris path saja; isi tidak diaudit ulang","—","Tidak ada perubahan dari inventaris saja","Tidak ada klaim kebenaran isi"
".agent/context/workflows/sc-init.contract.md","aktif","inventaris path saja; isi tidak diaudit ulang","—","Tidak ada perubahan dari inventaris saja","Tidak ada klaim kebenaran isi"
".agent/context/workflows/sc-launch.contract.md","aktif","inventaris path saja; isi tidak diaudit ulang","—","Tidak ada perubahan dari inventaris saja","Tidak ada klaim kebenaran isi"
".agent/context/workflows/sc-pause.contract.md","aktif","inventaris path saja; isi tidak diaudit ulang","—","Tidak ada perubahan dari inventaris saja","Tidak ada klaim kebenaran isi"
".agent/context/workflows/sc-plan.contract.md","aktif","inventaris path saja; isi tidak diaudit ulang","—","Tidak ada perubahan dari inventaris saja","Tidak ada klaim kebenaran isi"
".agent/context/workflows/sc-prd.contract.md","aktif","inventaris path saja; isi tidak diaudit ulang","—","Tidak ada perubahan dari inventaris saja","Tidak ada klaim kebenaran isi"
".agent/context/workflows/sc-research.contract.md","aktif","inventaris path saja; isi tidak diaudit ulang","—","Tidak ada perubahan dari inventaris saja","Tidak ada klaim kebenaran isi"
".agent/context/workflows/sc-review.contract.md","aktif","inventaris path saja; isi tidak diaudit ulang","—","Tidak ada perubahan dari inventaris saja","Tidak ada klaim kebenaran isi"
".agent/context/workflows/sc-status.contract.md","aktif","inventaris path saja; isi tidak diaudit ulang","—","Tidak ada perubahan dari inventaris saja","Tidak ada klaim kebenaran isi"
".agent/context/workflows/sc-ui.contract.md","aktif","inventaris path saja; isi tidak diaudit ulang","—","Tidak ada perubahan dari inventaris saja","Tidak ada klaim kebenaran isi"
".agent/context/workflows/sc-work.contract.md","aktif","inventaris path saja; isi tidak diaudit ulang","—","Tidak ada perubahan dari inventaris saja","Tidak ada klaim kebenaran isi"
".agent/evals/fixtures/background-pilots-v2.json","retired","inventaris path saja; isi tidak diaudit ulang","—","Pertahankan file retired","Tidak ada klaim kebenaran isi"
".agent/evals/grilling-sdlc-green.json","aktif","inventaris path saja; isi tidak diaudit ulang","—","Tidak ada perubahan dari inventaris saja","Tidak ada klaim kebenaran isi"
".agent/evals/grilling-sdlc-green.md","aktif","inventaris path saja; isi tidak diaudit ulang","—","Tidak ada perubahan dari inventaris saja","Tidak ada klaim kebenaran isi"
".agent/evals/grilling-sdlc-red.json","aktif","inventaris path saja; isi tidak diaudit ulang","—","Tidak ada perubahan dari inventaris saja","Tidak ada klaim kebenaran isi"
".agent/evals/grilling-sdlc-red.md","aktif","inventaris path saja; isi tidak diaudit ulang","—","Tidak ada perubahan dari inventaris saja","Tidak ada klaim kebenaran isi"
".agent/evals/grilling-sdlc-refactor.json","aktif","inventaris path saja; isi tidak diaudit ulang","—","Tidak ada perubahan dari inventaris saja","Tidak ada klaim kebenaran isi"
".agent/evals/grilling-sdlc-refactor.md","aktif","inventaris path saja; isi tidak diaudit ulang","—","Tidak ada perubahan dari inventaris saja","Tidak ada klaim kebenaran isi"
".agent/evals/grilling-sdlc-scenarios.json","aktif","inventaris path saja; isi tidak diaudit ulang","—","Tidak ada perubahan dari inventaris saja","Tidak ada klaim kebenaran isi"
".agent/evals/hitl-checkpoints.md","aktif","inventaris path saja; isi tidak diaudit ulang","—","Tidak ada perubahan dari inventaris saja","Tidak ada klaim kebenaran isi"
".agent/evals/hitl-checkpoints.responses.json","aktif","respons dan pin ditinjau ulang","ND-09","Preserve previous pins; revalidate content","Negative controls tetap mendeteksi salah keputusan"
".agent/evals/knowledge-loop-acceptance.md","aktif","inventaris path saja; isi tidak diaudit ulang","—","Tidak ada perubahan dari inventaris saja","Tidak ada klaim kebenaran isi"
".agent/evals/knowledge-relevance.json","aktif","inventaris path saja; isi tidak diaudit ulang","—","Tidak ada perubahan dari inventaris saja","Tidak ada klaim kebenaran isi"
".agent/evals/loop-runtime-v2.md","retired","inventaris path saja; isi tidak diaudit ulang","—","Pertahankan file retired","Tidak ada klaim kebenaran isi"
".agent/evals/pstack-enhancement.md","aktif","inventaris path saja; isi tidak diaudit ulang","—","Tidak ada perubahan dari inventaris saja","Tidak ada klaim kebenaran isi"
".agent/evals/setup-sdlc-acceptance.md","aktif","inventaris path saja; isi tidak diaudit ulang","—","Tidak ada perubahan dari inventaris saja","Tidak ada klaim kebenaran isi"
".agent/evals/ui-contract-readiness.log","aktif","inventaris path saja; isi tidak diaudit ulang","—","Tidak ada perubahan dari inventaris saja","Tidak ada klaim kebenaran isi"
".agent/evals/ui-contract-readiness.md","aktif","inventaris path saja; isi tidak diaudit ulang","—","Tidak ada perubahan dari inventaris saja","Tidak ada klaim kebenaran isi"
".agent/hooks/README.md","aktif","inventaris path saja; isi tidak diaudit ulang","—","Tidak ada perubahan dari inventaris saja","Tidak ada klaim kebenaran isi"
".agent/hooks/context-monitor.js","aktif","inventaris path saja; isi tidak diaudit ulang","—","Tidak ada perubahan dari inventaris saja","Tidak ada klaim kebenaran isi"
".agent/hooks/hooks.json","aktif","inventaris path saja; isi tidak diaudit ulang","—","Tidak ada perubahan dari inventaris saja","Tidak ada klaim kebenaran isi"
".agent/hooks/lib/context-pressure.js","aktif","inventaris path saja; isi tidak diaudit ulang","—","Tidak ada perubahan dari inventaris saja","Tidak ada klaim kebenaran isi"
".agent/hooks/lib/hook-utils.js","aktif","inventaris path saja; isi tidak diaudit ulang","—","Tidak ada perubahan dari inventaris saja","Tidak ada klaim kebenaran isi"
".agent/hooks/pre-compact.js","aktif","inventaris path saja; isi tidak diaudit ulang","—","Tidak ada perubahan dari inventaris saja","Tidak ada klaim kebenaran isi"
".agent/hooks/session-end.js","aktif","inventaris path saja; isi tidak diaudit ulang","—","Tidak ada perubahan dari inventaris saja","Tidak ada klaim kebenaran isi"
".agent/hooks/stop-check.js","aktif","inventaris path saja; isi tidak diaudit ulang","—","Tidak ada perubahan dari inventaris saja","Tidak ada klaim kebenaran isi"
".agent/hooks/suggest-compact.js","aktif","inventaris path saja; isi tidak diaudit ulang","—","Tidak ada perubahan dari inventaris saja","Tidak ada klaim kebenaran isi"
".agent/hooks/test-hooks-security.js","aktif","inventaris path saja; isi tidak diaudit ulang","—","Tidak ada perubahan dari inventaris saja","Tidak ada klaim kebenaran isi"
".agent/rules/project-config.md","aktif","penuh + konsistensi","ND-07","Default feature sesuai allowed list","Startup budget tetap lulus"
".agent/rules/quality-gates.md","aktif","inventaris path saja; isi tidak diaudit ulang","—","Tidak ada perubahan dari inventaris saja","Tidak ada klaim kebenaran isi"
".agent/rules/super-compound.md","aktif","inventaris path saja; isi tidak diaudit ulang","—","Tidak ada perubahan dari inventaris saja","Tidak ada klaim kebenaran isi"
".agent/skills/agentic-delivery/SKILL.md","aktif","inventaris path saja; isi tidak diaudit ulang","—","Tidak ada perubahan dari inventaris saja","Tidak ada klaim kebenaran isi"
".agent/skills/agentic-delivery/references/authority-and-adr.md","aktif","inventaris path saja; isi tidak diaudit ulang","—","Tidak ada perubahan dari inventaris saja","Tidak ada klaim kebenaran isi"
".agent/skills/agentic-delivery/references/context-and-issue-pointers.md","aktif","inventaris path saja; isi tidak diaudit ulang","—","Tidak ada perubahan dari inventaris saja","Tidak ada klaim kebenaran isi"
".agent/skills/agentic-delivery/references/open-stop-conditions.md","aktif","inventaris path saja; isi tidak diaudit ulang","—","Tidak ada perubahan dari inventaris saja","Tidak ada klaim kebenaran isi"
".agent/skills/agentic-delivery/references/qualified-references.md","aktif","inventaris path saja; isi tidak diaudit ulang","—","Tidak ada perubahan dari inventaris saja","Tidak ada klaim kebenaran isi"
".agent/skills/agentic-delivery/references/templates-and-outputs.md","aktif","inventaris path saja; isi tidak diaudit ulang","—","Tidak ada perubahan dari inventaris saja","Tidak ada klaim kebenaran isi"
".agent/skills/agentic-delivery/references/ui-contract-readiness.md","aktif","inventaris path saja; isi tidak diaudit ulang","—","Tidak ada perubahan dari inventaris saja","Tidak ada klaim kebenaran isi"
".agent/skills/agentic-delivery/references/workflow-integration.md","aktif","inventaris path saja; isi tidak diaudit ulang","—","Tidak ada perubahan dari inventaris saja","Tidak ada klaim kebenaran isi"
".agent/skills/agentic-delivery/tests/progressive-disclosure-wave3.test.mjs","aktif","bagian relevan + eksekusi","ND-08;ND-11","Perbarui pin retrieval setelah content review","20/20 skill tests; invariant gates tetap"
".agent/skills/architecture-enforcement/SKILL.md","aktif","inventaris path saja; isi tidak diaudit ulang","—","Tidak ada perubahan dari inventaris saja","Tidak ada klaim kebenaran isi"
".agent/skills/architecture-enforcement/references/django.md","aktif","inventaris path saja; isi tidak diaudit ulang","—","Tidak ada perubahan dari inventaris saja","Tidak ada klaim kebenaran isi"
".agent/skills/architecture-enforcement/references/fastapi.md","aktif","inventaris path saja; isi tidak diaudit ulang","—","Tidak ada perubahan dari inventaris saja","Tidak ada klaim kebenaran isi"
".agent/skills/architecture-enforcement/references/go-gin.md","aktif","inventaris path saja; isi tidak diaudit ulang","—","Tidak ada perubahan dari inventaris saja","Tidak ada klaim kebenaran isi"
".agent/skills/architecture-enforcement/references/http-security.md","aktif","inventaris path saja; isi tidak diaudit ulang","—","Tidak ada perubahan dari inventaris saja","Tidak ada klaim kebenaran isi"
".agent/skills/architecture-enforcement/references/laravel.md","aktif","inventaris path saja; isi tidak diaudit ulang","—","Tidak ada perubahan dari inventaris saja","Tidak ada klaim kebenaran isi"
".agent/skills/architecture-enforcement/references/nextjs.md","aktif","inventaris path saja; isi tidak diaudit ulang","—","Tidak ada perubahan dari inventaris saja","Tidak ada klaim kebenaran isi"
".agent/skills/architecture-enforcement/references/nuxt.md","aktif","inventaris path saja; isi tidak diaudit ulang","—","Tidak ada perubahan dari inventaris saja","Tidak ada klaim kebenaran isi"
".agent/skills/architecture-enforcement/references/presets.md","aktif","inventaris path saja; isi tidak diaudit ulang","—","Tidak ada perubahan dari inventaris saja","Tidak ada klaim kebenaran isi"
".agent/skills/architecture-enforcement/references/react-native.md","aktif","inventaris path saja; isi tidak diaudit ulang","—","Tidak ada perubahan dari inventaris saja","Tidak ada klaim kebenaran isi"
".agent/skills/architecture-enforcement/references/react-vite.md","aktif","inventaris path saja; isi tidak diaudit ulang","—","Tidak ada perubahan dari inventaris saja","Tidak ada klaim kebenaran isi"
".agent/skills/architecture-enforcement/references/sveltekit.md","aktif","inventaris path saja; isi tidak diaudit ulang","—","Tidak ada perubahan dari inventaris saja","Tidak ada klaim kebenaran isi"
".agent/skills/architecture-enforcement/tests/architecture-enforcement.test.mjs","aktif","inventaris path saja; isi tidak diaudit ulang","—","Tidak ada perubahan dari inventaris saja","Tidak ada klaim kebenaran isi"
".agent/skills/brainstorming/SKILL.md","aktif","inventaris path saja; isi tidak diaudit ulang","—","Tidak ada perubahan dari inventaris saja","Tidak ada klaim kebenaran isi"
".agent/skills/brainstorming/references/capture.md","aktif","inventaris path saja; isi tidak diaudit ulang","—","Tidak ada perubahan dari inventaris saja","Tidak ada klaim kebenaran isi"
".agent/skills/brainstorming/references/grilling-MIT.txt","aktif","inventaris path saja; isi tidak diaudit ulang","—","Tidak ada perubahan dari inventaris saja","Tidak ada klaim kebenaran isi"
".agent/skills/brainstorming/references/local-context.md","aktif","inventaris path saja; isi tidak diaudit ulang","—","Tidak ada perubahan dari inventaris saja","Tidak ada klaim kebenaran isi"
".agent/skills/brainstorming/references/questions-and-options.md","aktif","inventaris path saja; isi tidak diaudit ulang","—","Tidak ada perubahan dari inventaris saja","Tidak ada klaim kebenaran isi"
".agent/skills/brainstorming/references/red-flags-and-next.md","aktif","inventaris path saja; isi tidak diaudit ulang","—","Tidak ada perubahan dari inventaris saja","Tidak ada klaim kebenaran isi"
".agent/skills/brainstorming/references/ui-and-visual.md","aktif","inventaris path saja; isi tidak diaudit ulang","—","Tidak ada perubahan dari inventaris saja","Tidak ada klaim kebenaran isi"
".agent/skills/checkpoint-protocol/SKILL.md","aktif","inventaris path saja; isi tidak diaudit ulang","—","Tidak ada perubahan dari inventaris saja","Tidak ada klaim kebenaran isi"
".agent/skills/checkpoint-protocol/references/checkpoint-types.md","aktif","inventaris path saja; isi tidak diaudit ulang","—","Tidak ada perubahan dari inventaris saja","Tidak ada klaim kebenaran isi"
".agent/skills/checkpoint-protocol/references/resolution.md","aktif","inventaris path saja; isi tidak diaudit ulang","—","Tidak ada perubahan dari inventaris saja","Tidak ada klaim kebenaran isi"
".agent/skills/code-review/SKILL.md","aktif","inventaris path saja; isi tidak diaudit ulang","—","Tidak ada perubahan dari inventaris saja","Tidak ada klaim kebenaran isi"
".agent/skills/code-review/references/findings-and-self-review.md","aktif","inventaris path saja; isi tidak diaudit ulang","—","Tidak ada perubahan dari inventaris saja","Tidak ada klaim kebenaran isi"
".agent/skills/code-review/references/quality-axes.md","aktif","inventaris path saja; isi tidak diaudit ulang","—","Tidak ada perubahan dari inventaris saja","Tidak ada klaim kebenaran isi"
".agent/skills/code-review/references/spec-compliance.md","aktif","inventaris path saja; isi tidak diaudit ulang","—","Tidak ada perubahan dari inventaris saja","Tidak ada klaim kebenaran isi"
".agent/skills/codebase-design/SKILL.md","aktif","inventaris path saja; isi tidak diaudit ulang","—","Tidak ada perubahan dari inventaris saja","Tidak ada klaim kebenaran isi"
".agent/skills/compatibility-check/SKILL.md","aktif","inventaris path saja; isi tidak diaudit ulang","—","Tidak ada perubahan dari inventaris saja","Tidak ada klaim kebenaran isi"
".agent/skills/compatibility-check/references/audit.md","aktif","inventaris path saja; isi tidak diaudit ulang","—","Tidak ada perubahan dari inventaris saja","Tidak ada klaim kebenaran isi"
".agent/skills/compatibility-check/references/commands.md","aktif","inventaris path saja; isi tidak diaudit ulang","—","Tidak ada perubahan dari inventaris saja","Tidak ada klaim kebenaran isi"
".agent/skills/compatibility-check/references/inspection-surface.md","aktif","inventaris path saja; isi tidak diaudit ulang","—","Tidak ada perubahan dari inventaris saja","Tidak ada klaim kebenaran isi"
".agent/skills/compatibility-check/references/preflight.md","aktif","inventaris path saja; isi tidak diaudit ulang","—","Tidak ada perubahan dari inventaris saja","Tidak ada klaim kebenaran isi"
".agent/skills/compatibility-check/references/red-flags.md","aktif","inventaris path saja; isi tidak diaudit ulang","—","Tidak ada perubahan dari inventaris saja","Tidak ada klaim kebenaran isi"
".agent/skills/compatibility-check/references/reporting.md","aktif","inventaris path saja; isi tidak diaudit ulang","—","Tidak ada perubahan dari inventaris saja","Tidak ada klaim kebenaran isi"
".agent/skills/context-engineering/SKILL.md","aktif","inventaris path saja; isi tidak diaudit ulang","—","Tidak ada perubahan dari inventaris saja","Tidak ada klaim kebenaran isi"
".agent/skills/context-engineering/references/active-context.md","aktif","inventaris path saja; isi tidak diaudit ulang","—","Tidak ada perubahan dari inventaris saja","Tidak ada klaim kebenaran isi"
".agent/skills/context-engineering/references/phase-boundaries.md","aktif","inventaris path saja; isi tidak diaudit ulang","—","Tidak ada perubahan dari inventaris saja","Tidak ada klaim kebenaran isi"
".agent/skills/context-engineering/references/read-depth.md","aktif","inventaris path saja; isi tidak diaudit ulang","—","Tidak ada perubahan dari inventaris saja","Tidak ada klaim kebenaran isi"
".agent/skills/context7-docs/SKILL.md","aktif","inventaris path saja; isi tidak diaudit ulang","—","Tidak ada perubahan dari inventaris saja","Tidak ada klaim kebenaran isi"
".agent/skills/context7-docs/references/examples.md","aktif","inventaris path saja; isi tidak diaudit ulang","—","Tidak ada perubahan dari inventaris saja","Tidak ada klaim kebenaran isi"
".agent/skills/context7-docs/references/exclusions.md","aktif","inventaris path saja; isi tidak diaudit ulang","—","Tidak ada perubahan dari inventaris saja","Tidak ada klaim kebenaran isi"
".agent/skills/context7-docs/references/fallback.md","aktif","inventaris path saja; isi tidak diaudit ulang","—","Tidak ada perubahan dari inventaris saja","Tidak ada klaim kebenaran isi"
".agent/skills/context7-docs/references/usage-pattern.md","aktif","inventaris path saja; isi tidak diaudit ulang","—","Tidak ada perubahan dari inventaris saja","Tidak ada klaim kebenaran isi"
".agent/skills/context7-docs/references/when-to-use.md","aktif","inventaris path saja; isi tidak diaudit ulang","—","Tidak ada perubahan dari inventaris saja","Tidak ada klaim kebenaran isi"
".agent/skills/data-privacy/SKILL.md","aktif","inventaris path saja; isi tidak diaudit ulang","—","Tidak ada perubahan dari inventaris saja","Tidak ada klaim kebenaran isi"
".agent/skills/data-privacy/references/dpia-template.md","aktif","inventaris path saja; isi tidak diaudit ulang","—","Tidak ada perubahan dari inventaris saja","Tidak ada klaim kebenaran isi"
".agent/skills/data-privacy/references/implementation-patterns.md","aktif","inventaris path saja; isi tidak diaudit ulang","—","Tidak ada perubahan dari inventaris saja","Tidak ada klaim kebenaran isi"
".agent/skills/data-privacy/references/privacy-by-design.md","aktif","inventaris path saja; isi tidak diaudit ulang","—","Tidak ada perubahan dari inventaris saja","Tidak ada klaim kebenaran isi"
".agent/skills/data-privacy/references/red-flags.md","aktif","inventaris path saja; isi tidak diaudit ulang","—","Tidak ada perubahan dari inventaris saja","Tidak ada klaim kebenaran isi"
".agent/skills/data-privacy/references/regulatory-reference.md","aktif","inventaris path saja; isi tidak diaudit ulang","—","Tidak ada perubahan dari inventaris saja","Tidak ada klaim kebenaran isi"
".agent/skills/data-privacy/references/review-checklists.md","aktif","inventaris path saja; isi tidak diaudit ulang","—","Tidak ada perubahan dari inventaris saja","Tidak ada klaim kebenaran isi"
".agent/skills/domain-modeling/SKILL.md","aktif","inventaris path saja; isi tidak diaudit ulang","—","Tidak ada perubahan dari inventaris saja","Tidak ada klaim kebenaran isi"
".agent/skills/eval-harness/SKILL.md","aktif","inventaris path saja; isi tidak diaudit ulang","—","Tidak ada perubahan dari inventaris saja","Tidak ada klaim kebenaran isi"
".agent/skills/eval-harness/references/eval-design.md","aktif","inventaris path saja; isi tidak diaudit ulang","—","Tidak ada perubahan dari inventaris saja","Tidak ada klaim kebenaran isi"
".agent/skills/eval-harness/references/paired-experiments.md","aktif","inventaris path saja; isi tidak diaudit ulang","—","Tidak ada perubahan dari inventaris saja","Tidak ada klaim kebenaran isi"
".agent/skills/eval-harness/references/templates-and-reporting.md","aktif","inventaris path saja; isi tidak diaudit ulang","—","Tidak ada perubahan dari inventaris saja","Tidak ada klaim kebenaran isi"
".agent/skills/executing-plans/SKILL.md","aktif","penuh + konsistensi","ND-06","Topology dekat gate","LOCAL_ONLY lokal; networked real-provider"
".agent/skills/executing-plans/references/authority-and-workspace.md","aktif","inventaris path saja; isi tidak diaudit ulang","—","Tidak ada perubahan dari inventaris saja","Tidak ada klaim kebenaran isi"
".agent/skills/executing-plans/references/execution-and-verification.md","aktif","inventaris path saja; isi tidak diaudit ulang","—","Tidak ada perubahan dari inventaris saja","Tidak ada klaim kebenaran isi"
".agent/skills/executing-plans/references/parallel-revision-and-handoff.md","aktif","inventaris path saja; isi tidak diaudit ulang","—","Tidak ada perubahan dari inventaris saja","Tidak ada klaim kebenaran isi"
".agent/skills/gap-closure/SKILL.md","aktif","penuh + konsistensi","ND-05","Reassess berbasis kemajuan","Tidak universal shutdown setelah dua putaran"
".agent/skills/gap-closure/references/execute-and-reverify.md","aktif","penuh + konsistensi","ND-05","Reassess berbasis kemajuan","Tidak universal shutdown setelah dua putaran"
".agent/skills/gap-closure/references/gap-analysis-and-plan.md","aktif","inventaris path saja; isi tidak diaudit ulang","—","Tidak ada perubahan dari inventaris saja","Tidak ada klaim kebenaran isi"
".agent/skills/git-workflow-operation/SKILL.md","aktif","inventaris path saja; isi tidak diaudit ulang","—","Tidak ada perubahan dari inventaris saja","Tidak ada klaim kebenaran isi"
".agent/skills/git-workflow-operation/references/commands-and-branches.md","aktif","inventaris path saja; isi tidak diaudit ulang","—","Tidak ada perubahan dari inventaris saja","Tidak ada klaim kebenaran isi"
".agent/skills/git-workflow-operation/references/configuration-and-safety.md","aktif","inventaris path saja; isi tidak diaudit ulang","—","Tidak ada perubahan dari inventaris saja","Tidak ada klaim kebenaran isi"
".agent/skills/git-workflow-operation/references/touchpoints-and-red-flags.md","aktif","inventaris path saja; isi tidak diaudit ulang","—","Tidak ada perubahan dari inventaris saja","Tidak ada klaim kebenaran isi"
".agent/skills/integration-checking/SKILL.md","aktif","inventaris path saja; isi tidak diaudit ulang","—","Tidak ada perubahan dari inventaris saja","Tidak ada klaim kebenaran isi"
".agent/skills/interface-design/SKILL.md","aktif","inventaris path saja; isi tidak diaudit ulang","—","Tidak ada perubahan dari inventaris saja","Tidak ada klaim kebenaran isi"
".agent/skills/interface-design/UPSTREAM.json","aktif","bagian relevan + integrity","ND-02;ND-08;ND-10","Perbarui local hash dan transformed provenance","Upstream pin dipertahankan; local hash cocok"
".agent/skills/interface-design/data/app-interface.csv","aktif","inventaris path saja; isi tidak diaudit ulang","—","Tidak ada perubahan dari inventaris saja","Tidak ada klaim kebenaran isi"
".agent/skills/interface-design/data/charts.csv","aktif","inventaris path saja; isi tidak diaudit ulang","—","Tidak ada perubahan dari inventaris saja","Tidak ada klaim kebenaran isi"
".agent/skills/interface-design/data/colors.csv","aktif","inventaris path saja; isi tidak diaudit ulang","—","Tidak ada perubahan dari inventaris saja","Tidak ada klaim kebenaran isi"
".agent/skills/interface-design/data/google-fonts.csv","aktif","inventaris path saja; isi tidak diaudit ulang","—","Tidak ada perubahan dari inventaris saja","Tidak ada klaim kebenaran isi"
".agent/skills/interface-design/data/icons.csv","aktif","inventaris path saja; isi tidak diaudit ulang","—","Tidak ada perubahan dari inventaris saja","Tidak ada klaim kebenaran isi"
".agent/skills/interface-design/data/landing.csv","aktif","inventaris path saja; isi tidak diaudit ulang","—","Tidak ada perubahan dari inventaris saja","Tidak ada klaim kebenaran isi"
".agent/skills/interface-design/data/motion.csv","aktif","inventaris path saja; isi tidak diaudit ulang","—","Tidak ada perubahan dari inventaris saja","Tidak ada klaim kebenaran isi"
".agent/skills/interface-design/data/products.csv","aktif","inventaris path saja; isi tidak diaudit ulang","—","Tidak ada perubahan dari inventaris saja","Tidak ada klaim kebenaran isi"
".agent/skills/interface-design/data/react-performance.csv","aktif","inventaris path saja; isi tidak diaudit ulang","—","Tidak ada perubahan dari inventaris saja","Tidak ada klaim kebenaran isi"
".agent/skills/interface-design/data/stacks/angular.csv","aktif","inventaris path saja; isi tidak diaudit ulang","—","Tidak ada perubahan dari inventaris saja","Tidak ada klaim kebenaran isi"
".agent/skills/interface-design/data/stacks/astro.csv","aktif","inventaris path saja; isi tidak diaudit ulang","—","Tidak ada perubahan dari inventaris saja","Tidak ada klaim kebenaran isi"
".agent/skills/interface-design/data/stacks/avalonia.csv","aktif","inventaris path saja; isi tidak diaudit ulang","—","Tidak ada perubahan dari inventaris saja","Tidak ada klaim kebenaran isi"
".agent/skills/interface-design/data/stacks/flutter.csv","aktif","inventaris path saja; isi tidak diaudit ulang","—","Tidak ada perubahan dari inventaris saja","Tidak ada klaim kebenaran isi"
".agent/skills/interface-design/data/stacks/html-tailwind.csv","aktif","inventaris path saja; isi tidak diaudit ulang","—","Tidak ada perubahan dari inventaris saja","Tidak ada klaim kebenaran isi"
".agent/skills/interface-design/data/stacks/javafx.csv","aktif","inventaris path saja; isi tidak diaudit ulang","—","Tidak ada perubahan dari inventaris saja","Tidak ada klaim kebenaran isi"
".agent/skills/interface-design/data/stacks/jetpack-compose.csv","aktif","inventaris path saja; isi tidak diaudit ulang","—","Tidak ada perubahan dari inventaris saja","Tidak ada klaim kebenaran isi"
".agent/skills/interface-design/data/stacks/laravel.csv","aktif","inventaris path saja; isi tidak diaudit ulang","—","Tidak ada perubahan dari inventaris saja","Tidak ada klaim kebenaran isi"
".agent/skills/interface-design/data/stacks/nextjs.csv","aktif","inventaris path saja; isi tidak diaudit ulang","—","Tidak ada perubahan dari inventaris saja","Tidak ada klaim kebenaran isi"
".agent/skills/interface-design/data/stacks/nuxt-ui.csv","aktif","inventaris path saja; isi tidak diaudit ulang","—","Tidak ada perubahan dari inventaris saja","Tidak ada klaim kebenaran isi"
".agent/skills/interface-design/data/stacks/nuxtjs.csv","aktif","inventaris path saja; isi tidak diaudit ulang","—","Tidak ada perubahan dari inventaris saja","Tidak ada klaim kebenaran isi"
".agent/skills/interface-design/data/stacks/react-native.csv","aktif","inventaris path saja; isi tidak diaudit ulang","—","Tidak ada perubahan dari inventaris saja","Tidak ada klaim kebenaran isi"
".agent/skills/interface-design/data/stacks/react.csv","aktif","inventaris path saja; isi tidak diaudit ulang","—","Tidak ada perubahan dari inventaris saja","Tidak ada klaim kebenaran isi"
".agent/skills/interface-design/data/stacks/shadcn.csv","aktif","inventaris path saja; isi tidak diaudit ulang","—","Tidak ada perubahan dari inventaris saja","Tidak ada klaim kebenaran isi"
".agent/skills/interface-design/data/stacks/svelte.csv","aktif","inventaris path saja; isi tidak diaudit ulang","—","Tidak ada perubahan dari inventaris saja","Tidak ada klaim kebenaran isi"
".agent/skills/interface-design/data/stacks/swiftui.csv","aktif","inventaris path saja; isi tidak diaudit ulang","—","Tidak ada perubahan dari inventaris saja","Tidak ada klaim kebenaran isi"
".agent/skills/interface-design/data/stacks/threejs.csv","aktif","inventaris path saja; isi tidak diaudit ulang","—","Tidak ada perubahan dari inventaris saja","Tidak ada klaim kebenaran isi"
".agent/skills/interface-design/data/stacks/uno.csv","aktif","inventaris path saja; isi tidak diaudit ulang","—","Tidak ada perubahan dari inventaris saja","Tidak ada klaim kebenaran isi"
".agent/skills/interface-design/data/stacks/uwp.csv","aktif","inventaris path saja; isi tidak diaudit ulang","—","Tidak ada perubahan dari inventaris saja","Tidak ada klaim kebenaran isi"
".agent/skills/interface-design/data/stacks/vue.csv","aktif","inventaris path saja; isi tidak diaudit ulang","—","Tidak ada perubahan dari inventaris saja","Tidak ada klaim kebenaran isi"
".agent/skills/interface-design/data/stacks/winui.csv","aktif","inventaris path saja; isi tidak diaudit ulang","—","Tidak ada perubahan dari inventaris saja","Tidak ada klaim kebenaran isi"
".agent/skills/interface-design/data/stacks/wpf.csv","aktif","inventaris path saja; isi tidak diaudit ulang","—","Tidak ada perubahan dari inventaris saja","Tidak ada klaim kebenaran isi"
".agent/skills/interface-design/data/styles.csv","aktif","inventaris path saja; isi tidak diaudit ulang","—","Tidak ada perubahan dari inventaris saja","Tidak ada klaim kebenaran isi"
".agent/skills/interface-design/data/typography.csv","aktif","inventaris path saja; isi tidak diaudit ulang","—","Tidak ada perubahan dari inventaris saja","Tidak ada klaim kebenaran isi"
".agent/skills/interface-design/data/ui-reasoning.csv","aktif","inventaris path saja; isi tidak diaudit ulang","—","Tidak ada perubahan dari inventaris saja","Tidak ada klaim kebenaran isi"
".agent/skills/interface-design/data/ux-guidelines.csv","aktif","inventaris path saja; isi tidak diaudit ulang","—","Tidak ada perubahan dari inventaris saja","Tidak ada klaim kebenaran isi"
".agent/skills/interface-design/data/web-interface.csv","aktif","inventaris path saja; isi tidak diaudit ulang","—","Tidak ada perubahan dari inventaris saja","Tidak ada klaim kebenaran isi"
".agent/skills/interface-design/references/catalog.md","aktif","inventaris path saja; isi tidak diaudit ulang","—","Tidak ada perubahan dari inventaris saja","Tidak ada klaim kebenaran isi"
".agent/skills/interface-design/references/implementation-and-checklist.md","aktif","inventaris path saja; isi tidak diaudit ulang","—","Tidak ada perubahan dari inventaris saja","Tidak ada klaim kebenaran isi"
".agent/skills/interface-design/references/refresh-and-cache.md","aktif","inventaris path saja; isi tidak diaudit ulang","—","Tidak ada perubahan dari inventaris saja","Tidak ada klaim kebenaran isi"
".agent/skills/interface-design/references/retrieval-workflow.md","aktif","inventaris path saja; isi tidak diaudit ulang","—","Tidak ada perubahan dari inventaris saja","Tidak ada klaim kebenaran isi"
".agent/skills/interface-design/scripts/benchmark_search.py","aktif","inventaris path saja; isi tidak diaudit ulang","—","Tidak ada perubahan dari inventaris saja","Tidak ada klaim kebenaran isi"
".agent/skills/interface-design/scripts/core.py","aktif","inventaris path saja; isi tidak diaudit ulang","—","Tidak ada perubahan dari inventaris saja","Tidak ada klaim kebenaran isi"
".agent/skills/interface-design/scripts/design_system.py","aktif","bagian relevan + regresi","ND-02;ND-10","Warisi master; overwrite target; keputusan dahulu","Dua page menjaga edited master; output ringkas"
".agent/skills/interface-design/scripts/search.py","aktif","penuh + regresi","ND-08","Tolak kombinasi unsupported sebelum persist","Exit 2 tanpa file; JSON search kompatibel"
".agent/skills/interface-design/scripts/test_csv_integrity.py","aktif","inventaris path saja; isi tidak diaudit ulang","—","Tidak ada perubahan dari inventaris saja","Tidak ada klaim kebenaran isi"
".agent/skills/interface-design/scripts/test_design_system_efficiency.py","aktif","penuh + eksekusi","ND-02;ND-10","Regresi master/page dan output","RED sebelum fix; GREEN setelah fix"
".agent/skills/interface-design/scripts/test_design_system_security.py","aktif","penuh + eksekusi","ND-02;ND-10","Regresi master/page dan output","RED sebelum fix; GREEN setelah fix"
".agent/skills/interface-design/scripts/test_search_cli.py","aktif","penuh + regresi","ND-08","Tolak kombinasi unsupported sebelum persist","Exit 2 tanpa file; JSON search kompatibel"
".agent/skills/interface-design/scripts/test_search_regressions.py","aktif","inventaris path saja; isi tidak diaudit ulang","—","Tidak ada perubahan dari inventaris saja","Tidak ada klaim kebenaran isi"
".agent/skills/interface-design/scripts/test_upstream_provenance.py","aktif","inventaris path saja; isi tidak diaudit ulang","—","Tidak ada perubahan dari inventaris saja","Tidak ada klaim kebenaran isi"
".agent/skills/issue-workflow/SKILL.md","aktif","inventaris path saja; isi tidak diaudit ulang","—","Tidak ada perubahan dari inventaris saja","Tidak ada klaim kebenaran isi"
".agent/skills/issue-workflow/references/process.md","aktif","inventaris path saja; isi tidak diaudit ulang","—","Tidak ada perubahan dari inventaris saja","Tidak ada klaim kebenaran isi"
".agent/skills/issue-workflow/references/status-and-done.md","aktif","inventaris path saja; isi tidak diaudit ulang","—","Tidak ada perubahan dari inventaris saja","Tidak ada klaim kebenaran isi"
".agent/skills/issue-workflow/references/zero-context.md","aktif","inventaris path saja; isi tidak diaudit ulang","—","Tidak ada perubahan dari inventaris saja","Tidak ada klaim kebenaran isi"
".agent/skills/knowledge-compounding/SKILL.md","aktif","inventaris path saja; isi tidak diaudit ulang","—","Tidak ada perubahan dari inventaris saja","Tidak ada klaim kebenaran isi"
".agent/skills/knowledge-compounding/references/deterministic-loop.md","aktif","inventaris path saja; isi tidak diaudit ulang","—","Tidak ada perubahan dari inventaris saja","Tidak ada klaim kebenaran isi"
".agent/skills/knowledge-compounding/references/memory-capture.md","aktif","inventaris path saja; isi tidak diaudit ulang","—","Tidak ada perubahan dari inventaris saja","Tidak ada klaim kebenaran isi"
".agent/skills/knowledge-compounding/references/prevention-checks.md","aktif","inventaris path saja; isi tidak diaudit ulang","—","Tidak ada perubahan dari inventaris saja","Tidak ada klaim kebenaran isi"
".agent/skills/knowledge-compounding/references/progress-memory.md","aktif","inventaris path saja; isi tidak diaudit ulang","—","Tidak ada perubahan dari inventaris saja","Tidak ada klaim kebenaran isi"
".agent/skills/knowledge-compounding/references/solution-capture.md","aktif","inventaris path saja; isi tidak diaudit ulang","—","Tidak ada perubahan dari inventaris saja","Tidak ada klaim kebenaran isi"
".agent/skills/knowledge-refresh/SKILL.md","aktif","inventaris path saja; isi tidak diaudit ulang","—","Tidak ada perubahan dari inventaris saja","Tidak ada klaim kebenaran isi"
".agent/skills/parallel-execution/SKILL.md","aktif","inventaris path saja; isi tidak diaudit ulang","—","Tidak ada perubahan dari inventaris saja","Tidak ada klaim kebenaran isi"
".agent/skills/parallel-execution/references/prerequisites-and-selection.md","aktif","inventaris path saja; isi tidak diaudit ulang","—","Tidak ada perubahan dari inventaris saja","Tidak ada klaim kebenaran isi"
".agent/skills/parallel-execution/references/process.md","aktif","inventaris path saja; isi tidak diaudit ulang","—","Tidak ada perubahan dari inventaris saja","Tidak ada klaim kebenaran isi"
".agent/skills/parallel-execution/references/red-flags.md","aktif","inventaris path saja; isi tidak diaudit ulang","—","Tidak ada perubahan dari inventaris saja","Tidak ada klaim kebenaran isi"
".agent/skills/plan-verification/SKILL.md","aktif","inventaris path saja; isi tidak diaudit ulang","—","Tidak ada perubahan dari inventaris saja","Tidak ada klaim kebenaran isi"
".agent/skills/plan-verification/references/coverage-and-dependencies.md","aktif","inventaris path saja; isi tidak diaudit ulang","—","Tidak ada perubahan dari inventaris saja","Tidak ada klaim kebenaran isi"
".agent/skills/plan-verification/references/links-scope-and-must-haves.md","aktif","inventaris path saja; isi tidak diaudit ulang","—","Tidak ada perubahan dari inventaris saja","Tidak ada klaim kebenaran isi"
".agent/skills/plan-verification/references/revision-rules.md","aktif","inventaris path saja; isi tidak diaudit ulang","—","Tidak ada perubahan dari inventaris saja","Tidak ada klaim kebenaran isi"
".agent/skills/plan-verification/references/sizing.md","aktif","inventaris path saja; isi tidak diaudit ulang","—","Tidak ada perubahan dari inventaris saja","Tidak ada klaim kebenaran isi"
".agent/skills/plan-verification/references/tests-and-decisions.md","aktif","inventaris path saja; isi tidak diaudit ulang","—","Tidak ada perubahan dari inventaris saja","Tidak ada klaim kebenaran isi"
".agent/skills/plan-verification/references/verification-process.md","aktif","inventaris path saja; isi tidak diaudit ulang","—","Tidak ada perubahan dari inventaris saja","Tidak ada klaim kebenaran isi"
".agent/skills/prd-generator/SKILL.md","aktif","inventaris path saja; isi tidak diaudit ulang","—","Tidak ada perubahan dari inventaris saja","Tidak ada klaim kebenaran isi"
".agent/skills/prd-generator/references/ai-context-and-output.md","aktif","inventaris path saja; isi tidak diaudit ulang","—","Tidak ada perubahan dari inventaris saja","Tidak ada klaim kebenaran isi"
".agent/skills/prd-generator/references/prd-authoring.md","aktif","inventaris path saja; isi tidak diaudit ulang","—","Tidak ada perubahan dari inventaris saja","Tidak ada klaim kebenaran isi"
".agent/skills/prd-generator/references/validation-and-handoff.md","aktif","penuh + konsistensi","ND-05","Handoff dalam authority; PRD-only tetap scoped","Tidak stop administratif; approval tahap dipertahankan"
".agent/skills/prototyping/SKILL.md","aktif","inventaris path saja; isi tidak diaudit ulang","—","Tidak ada perubahan dari inventaris saja","Tidak ada klaim kebenaran isi"
".agent/skills/secure-code-patterns/SKILL.md","aktif","inventaris path saja; isi tidak diaudit ulang","—","Tidak ada perubahan dari inventaris saja","Tidak ada klaim kebenaran isi"
".agent/skills/secure-code-patterns/references/cryptography.md","aktif","inventaris path saja; isi tidak diaudit ulang","—","Tidak ada perubahan dari inventaris saja","Tidak ada klaim kebenaran isi"
".agent/skills/secure-code-patterns/references/decision-tree.md","aktif","inventaris path saja; isi tidak diaudit ulang","—","Tidak ada perubahan dari inventaris saja","Tidak ada klaim kebenaran isi"
".agent/skills/secure-code-patterns/references/input-validation.md","aktif","inventaris path saja; isi tidak diaudit ulang","—","Tidak ada perubahan dari inventaris saja","Tidak ada klaim kebenaran isi"
".agent/skills/secure-code-patterns/references/red-flags.md","aktif","inventaris path saja; isi tidak diaudit ulang","—","Tidak ada perubahan dari inventaris saja","Tidak ada klaim kebenaran isi"
".agent/skills/security-audit/SKILL.md","aktif","inventaris path saja; isi tidak diaudit ulang","—","Tidak ada perubahan dari inventaris saja","Tidak ada klaim kebenaran isi"
".agent/skills/security-audit/references/agent-surface.md","aktif","inventaris path saja; isi tidak diaudit ulang","—","Tidak ada perubahan dari inventaris saja","Tidak ada klaim kebenaran isi"
".agent/skills/security-audit/references/owasp.md","aktif","inventaris path saja; isi tidak diaudit ulang","—","Tidak ada perubahan dari inventaris saja","Tidak ada klaim kebenaran isi"
".agent/skills/security-audit/references/reporting.md","aktif","inventaris path saja; isi tidak diaudit ulang","—","Tidak ada perubahan dari inventaris saja","Tidak ada klaim kebenaran isi"
".agent/skills/security-audit/references/secrets.md","aktif","inventaris path saja; isi tidak diaudit ulang","—","Tidak ada perubahan dari inventaris saja","Tidak ada klaim kebenaran isi"
".agent/skills/security-audit/references/supply-chain.md","aktif","inventaris path saja; isi tidak diaudit ulang","—","Tidak ada perubahan dari inventaris saja","Tidak ada klaim kebenaran isi"
".agent/skills/security-audit/tests/risk-skills-progressive-disclosure.test.mjs","aktif","inventaris path saja; isi tidak diaudit ulang","—","Tidak ada perubahan dari inventaris saja","Tidak ada klaim kebenaran isi"
".agent/skills/skill-authoring/SKILL.md","aktif","inventaris path saja; isi tidak diaudit ulang","—","Tidak ada perubahan dari inventaris saja","Tidak ada klaim kebenaran isi"
".agent/skills/skill-authoring/references/pressure-testing.md","aktif","inventaris path saja; isi tidak diaudit ulang","—","Tidak ada perubahan dari inventaris saja","Tidak ada klaim kebenaran isi"
".agent/skills/skill-authoring/references/structure-and-quality.md","aktif","inventaris path saja; isi tidak diaudit ulang","—","Tidak ada perubahan dari inventaris saja","Tidak ada klaim kebenaran isi"
".agent/skills/skill-authoring/test-progressive-routers.mjs","aktif","inventaris path saja; isi tidak diaudit ulang","—","Tidak ada perubahan dari inventaris saja","Tidak ada klaim kebenaran isi"
".agent/skills/state-management/SKILL.md","aktif","penuh + konsistensi","ND-05","Owner STATE berwenang; read-only kembali ke writer","Pause hanya actual stop"
".agent/skills/state-management/references/checkpoint-protocol.md","aktif","inventaris path saja; isi tidak diaudit ulang","—","Tidak ada perubahan dari inventaris saja","Tidak ada klaim kebenaran isi"
".agent/skills/state-management/references/file-contracts.md","aktif","penuh + konsistensi","ND-05","Owner STATE berwenang; read-only kembali ke writer","Pause hanya actual stop"
".agent/skills/state-management/references/memory-hygiene.md","aktif","inventaris path saja; isi tidak diaudit ulang","—","Tidak ada perubahan dari inventaris saja","Tidak ada klaim kebenaran isi"
".agent/skills/subagent-orchestration/SKILL.md","aktif","inventaris path saja; isi tidak diaudit ulang","—","Tidak ada perubahan dari inventaris saja","Tidak ada klaim kebenaran isi"
".agent/skills/subagent-orchestration/references/bounded-payloads.md","aktif","inventaris path saja; isi tidak diaudit ulang","—","Tidak ada perubahan dari inventaris saja","Tidak ada klaim kebenaran isi"
".agent/skills/subagent-orchestration/references/completion-inbox.md","aktif","inventaris path saja; isi tidak diaudit ulang","—","Tidak ada perubahan dari inventaris saja","Tidak ada klaim kebenaran isi"
".agent/skills/subagent-orchestration/references/orchestration-loop.md","aktif","inventaris path saja; isi tidak diaudit ulang","—","Tidak ada perubahan dari inventaris saja","Tidak ada klaim kebenaran isi"
".agent/skills/subagent-orchestration/references/review-contract.md","aktif","inventaris path saja; isi tidak diaudit ulang","—","Tidak ada perubahan dari inventaris saja","Tidak ada klaim kebenaran isi"
".agent/skills/subagent-orchestration/references/ui-gates.md","aktif","inventaris path saja; isi tidak diaudit ulang","—","Tidak ada perubahan dari inventaris saja","Tidak ada klaim kebenaran isi"
".agent/skills/systematic-debugging/SKILL.md","aktif","inventaris path saja; isi tidak diaudit ulang","—","Tidak ada perubahan dari inventaris saja","Tidak ada klaim kebenaran isi"
".agent/skills/systematic-debugging/references/advanced-techniques.md","aktif","inventaris path saja; isi tidak diaudit ulang","—","Tidak ada perubahan dari inventaris saja","Tidak ada klaim kebenaran isi"
".agent/skills/systematic-debugging/references/fix-and-regression.md","aktif","inventaris path saja; isi tidak diaudit ulang","—","Tidak ada perubahan dari inventaris saja","Tidak ada klaim kebenaran isi"
".agent/skills/systematic-debugging/references/investigation-and-hypotheses.md","aktif","inventaris path saja; isi tidak diaudit ulang","—","Tidak ada perubahan dari inventaris saja","Tidak ada klaim kebenaran isi"
".agent/skills/test-driven-development/SKILL.md","aktif","inventaris path saja; isi tidak diaudit ulang","—","Tidak ada perubahan dari inventaris saja","Tidak ada klaim kebenaran isi"
".agent/skills/test-driven-development/references/modes-and-exceptions.md","aktif","inventaris path saja; isi tidak diaudit ulang","—","Tidak ada perubahan dari inventaris saja","Tidak ada klaim kebenaran isi"
".agent/skills/test-driven-development/references/red-green-refactor.md","aktif","inventaris path saja; isi tidak diaudit ulang","—","Tidak ada perubahan dari inventaris saja","Tidak ada klaim kebenaran isi"
".agent/skills/test-driven-development/references/test-design.md","aktif","inventaris path saja; isi tidak diaudit ulang","—","Tidak ada perubahan dari inventaris saja","Tidak ada klaim kebenaran isi"
".agent/skills/threat-modeling/SKILL.md","aktif","inventaris path saja; isi tidak diaudit ulang","—","Tidak ada perubahan dari inventaris saja","Tidak ada klaim kebenaran isi"
".agent/skills/threat-modeling/references/attack-trees.md","aktif","inventaris path saja; isi tidak diaudit ulang","—","Tidak ada perubahan dari inventaris saja","Tidak ada klaim kebenaran isi"
".agent/skills/threat-modeling/references/document-template.md","aktif","inventaris path saja; isi tidak diaudit ulang","—","Tidak ada perubahan dari inventaris saja","Tidak ada klaim kebenaran isi"
".agent/skills/threat-modeling/references/process.md","aktif","inventaris path saja; isi tidak diaudit ulang","—","Tidak ada perubahan dari inventaris saja","Tidak ada klaim kebenaran isi"
".agent/skills/threat-modeling/references/red-flags.md","aktif","inventaris path saja; isi tidak diaudit ulang","—","Tidak ada perubahan dari inventaris saja","Tidak ada klaim kebenaran isi"
".agent/skills/threat-modeling/references/stride.md","aktif","inventaris path saja; isi tidak diaudit ulang","—","Tidak ada perubahan dari inventaris saja","Tidak ada klaim kebenaran isi"
".agent/skills/threat-modeling/references/trust-boundaries.md","aktif","inventaris path saja; isi tidak diaudit ulang","—","Tidak ada perubahan dari inventaris saja","Tidak ada klaim kebenaran isi"
".agent/skills/todo-management/SKILL.md","aktif","inventaris path saja; isi tidak diaudit ulang","—","Tidak ada perubahan dari inventaris saja","Tidak ada klaim kebenaran isi"
".agent/skills/todo-management/references/capture.md","aktif","inventaris path saja; isi tidak diaudit ulang","—","Tidak ada perubahan dari inventaris saja","Tidak ada klaim kebenaran isi"
".agent/skills/todo-management/references/cross-reference.md","aktif","inventaris path saja; isi tidak diaudit ulang","—","Tidak ada perubahan dari inventaris saja","Tidak ada klaim kebenaran isi"
".agent/skills/todo-management/references/principles-and-red-flags.md","aktif","inventaris path saja; isi tidak diaudit ulang","—","Tidak ada perubahan dari inventaris saja","Tidak ada klaim kebenaran isi"
".agent/skills/todo-management/references/quick-capture.md","aktif","inventaris path saja; isi tidak diaudit ulang","—","Tidak ada perubahan dari inventaris saja","Tidak ada klaim kebenaran isi"
".agent/skills/todo-management/references/review-and-routing.md","aktif","inventaris path saja; isi tidak diaudit ulang","—","Tidak ada perubahan dari inventaris saja","Tidak ada klaim kebenaran isi"
".agent/skills/triage-workflow/SKILL.md","aktif","inventaris path saja; isi tidak diaudit ulang","—","Tidak ada perubahan dari inventaris saja","Tidak ada klaim kebenaran isi"
".agent/skills/verification-before-completion/SKILL.md","aktif","inventaris path saja; isi tidak diaudit ulang","—","Tidak ada perubahan dari inventaris saja","Tidak ada klaim kebenaran isi"
".agent/skills/verification-before-completion/references/claim-evidence.md","aktif","inventaris path saja; isi tidak diaudit ulang","—","Tidak ada perubahan dari inventaris saja","Tidak ada klaim kebenaran isi"
".agent/skills/verification-before-completion/references/goal-backward.md","aktif","inventaris path saja; isi tidak diaudit ulang","—","Tidak ada perubahan dari inventaris saja","Tidak ada klaim kebenaran isi"
".agent/skills/verification-before-completion/references/live-verification.md","aktif","inventaris path saja; isi tidak diaudit ulang","—","Tidak ada perubahan dari inventaris saja","Tidak ada klaim kebenaran isi"
".agent/skills/verification-before-completion/references/verification-recipes.md","aktif","inventaris path saja; isi tidak diaudit ulang","—","Tidak ada perubahan dari inventaris saja","Tidak ada klaim kebenaran isi"
".agent/skills/verification-before-completion/tests/test_skill_router_contract.py","aktif","inventaris path saja; isi tidak diaudit ulang","—","Tidak ada perubahan dari inventaris saja","Tidak ada klaim kebenaran isi"
".agent/skills/writing-plans/SKILL.md","aktif","inventaris path saja; isi tidak diaudit ulang","—","Tidak ada perubahan dari inventaris saja","Tidak ada klaim kebenaran isi"
".agent/skills/writing-plans/references/fsd-authoring.md","aktif","inventaris path saja; isi tidak diaudit ulang","—","Tidak ada perubahan dari inventaris saja","Tidak ada klaim kebenaran isi"
".agent/skills/writing-plans/references/goal-slicing.md","aktif","inventaris path saja; isi tidak diaudit ulang","—","Tidak ada perubahan dari inventaris saja","Tidak ada klaim kebenaran isi"
".agent/templates/agentic-delivery/ADR-Agentic-Ready-Reusable-Template-OPTIONAL.md","aktif","inventaris path saja; isi tidak diaudit ulang","—","Tidak ada perubahan dari inventaris saja","Tidak ada klaim kebenaran isi"
".agent/templates/agentic-delivery/BRD-Agentic-Ready-Reusable-Template.md","aktif","inventaris path saja; isi tidak diaudit ulang","—","Tidak ada perubahan dari inventaris saja","Tidak ada klaim kebenaran isi"
".agent/templates/agentic-delivery/FSD-Agentic-AI-Ready-Template.md","aktif","inventaris path saja; isi tidak diaudit ulang","—","Tidak ada perubahan dari inventaris saja","Tidak ada klaim kebenaran isi"
".agent/templates/agentic-delivery/PRD-Agentic-Ready-Reusable-Template.md","aktif","inventaris path saja; isi tidak diaudit ulang","—","Tidak ada perubahan dari inventaris saja","Tidak ada klaim kebenaran isi"
".agent/templates/agentic-delivery/skeletons/ADR-Skeleton-OPTIONAL.md","aktif","inventaris path saja; isi tidak diaudit ulang","—","Tidak ada perubahan dari inventaris saja","Tidak ada klaim kebenaran isi"
".agent/templates/agentic-delivery/skeletons/BRD-Skeleton.md","aktif","inventaris path saja; isi tidak diaudit ulang","—","Tidak ada perubahan dari inventaris saja","Tidak ada klaim kebenaran isi"
".agent/templates/agentic-delivery/skeletons/FSD-Skeleton.md","aktif","inventaris path saja; isi tidak diaudit ulang","—","Tidak ada perubahan dari inventaris saja","Tidak ada klaim kebenaran isi"
".agent/templates/agentic-delivery/skeletons/Issue-Pointer-Skeleton.md","aktif","inventaris path saja; isi tidak diaudit ulang","—","Tidak ada perubahan dari inventaris saja","Tidak ada klaim kebenaran isi"
".agent/templates/agentic-delivery/skeletons/PRD-Skeleton.md","aktif","inventaris path saja; isi tidak diaudit ulang","—","Tidak ada perubahan dari inventaris saja","Tidak ada klaim kebenaran isi"
".agent/templates/git-workflow/PULL_REQUEST_TEMPLATE.md","aktif","inventaris path saja; isi tidak diaudit ulang","—","Tidak ada perubahan dari inventaris saja","Tidak ada klaim kebenaran isi"
".agent/templates/orchestration/Implementer-Brief-Skeleton.md","aktif","inventaris path saja; isi tidak diaudit ulang","—","Tidak ada perubahan dari inventaris saja","Tidak ada klaim kebenaran isi"
".agent/templates/orchestration/Reviewer-Brief-Skeleton.md","aktif","inventaris path saja; isi tidak diaudit ulang","—","Tidak ada perubahan dari inventaris saja","Tidak ada klaim kebenaran isi"
".agent/templates/research/Research-Note-Skeleton.md","aktif","inventaris path saja; isi tidak diaudit ulang","—","Tidak ada perubahan dari inventaris saja","Tidak ada klaim kebenaran isi"
".agent/templates/state/Progress-Template.md","aktif","inventaris path saja; isi tidak diaudit ulang","—","Tidak ada perubahan dari inventaris saja","Tidak ada klaim kebenaran isi"
".agent/templates/state/STATE-Template.md","aktif","inventaris path saja; isi tidak diaudit ulang","—","Tidak ada perubahan dari inventaris saja","Tidak ada klaim kebenaran isi"
".agent/tools/action-adapter.mjs","retired","inventaris path saja; isi tidak diaudit ulang","—","Pertahankan file retired","Tidak ada klaim kebenaran isi"
".agent/tools/action-adapter.test.mjs","retired","inventaris path saja; isi tidak diaudit ulang","—","Pertahankan file retired","Tidak ada klaim kebenaran isi"
".agent/tools/action-capability-model.mjs","retired","inventaris path saja; isi tidak diaudit ulang","—","Pertahankan file retired","Tidak ada klaim kebenaran isi"
".agent/tools/action-capability-model.test.mjs","retired","inventaris path saja; isi tidak diaudit ulang","—","Pertahankan file retired","Tidak ada klaim kebenaran isi"
".agent/tools/active-assets.mjs","aktif","inventaris path saja; isi tidak diaudit ulang","—","Tidak ada perubahan dari inventaris saja","Tidak ada klaim kebenaran isi"
".agent/tools/active-assets.test.mjs","aktif","inventaris path saja; isi tidak diaudit ulang","—","Tidak ada perubahan dari inventaris saja","Tidak ada klaim kebenaran isi"
".agent/tools/adaptive-eval.mjs","aktif","inventaris path saja; isi tidak diaudit ulang","—","Tidak ada perubahan dari inventaris saja","Tidak ada klaim kebenaran isi"
".agent/tools/adaptive-eval.test.mjs","aktif","inventaris path saja; isi tidak diaudit ulang","—","Tidak ada perubahan dari inventaris saja","Tidak ada klaim kebenaran isi"
".agent/tools/agent-contracts.test.mjs","aktif","inventaris path saja; isi tidak diaudit ulang","—","Tidak ada perubahan dari inventaris saja","Tidak ada klaim kebenaran isi"
".agent/tools/agent-projection.mjs","aktif","penuh + regresi","ND-01","Help dan validasi argumen sebelum akses file","Bytes tetap; help 0; invalid 2; check read-only"
".agent/tools/agent-projection.test.mjs","aktif","penuh + regresi","ND-01","Help dan validasi argumen sebelum akses file","Bytes tetap; help 0; invalid 2; check read-only"
".agent/tools/artifact-contracts.test.mjs","aktif","inventaris path saja; isi tidak diaudit ulang","—","Tidak ada perubahan dari inventaris saja","Tidak ada klaim kebenaran isi"
".agent/tools/autonomy-policy.test.mjs","aktif","inventaris path saja; isi tidak diaudit ulang","—","Tidak ada perubahan dari inventaris saja","Tidak ada klaim kebenaran isi"
".agent/tools/background-execution-model.mjs","retired","inventaris path saja; isi tidak diaudit ulang","—","Pertahankan file retired","Tidak ada klaim kebenaran isi"
".agent/tools/background-execution-model.test.mjs","retired","inventaris path saja; isi tidak diaudit ulang","—","Pertahankan file retired","Tidak ada klaim kebenaran isi"
".agent/tools/background-execution.mjs","retired","inventaris path saja; isi tidak diaudit ulang","—","Pertahankan file retired","Tidak ada klaim kebenaran isi"
".agent/tools/background-execution.test.mjs","retired","inventaris path saja; isi tidak diaudit ulang","—","Pertahankan file retired","Tidak ada klaim kebenaran isi"
".agent/tools/background-handoff.test.mjs","retired","inventaris path saja; isi tidak diaudit ulang","—","Pertahankan file retired","Tidak ada klaim kebenaran isi"
".agent/tools/background-pilot-harness.test-support.mjs","retired","inventaris path saja; isi tidak diaudit ulang","—","Pertahankan file retired","Tidak ada klaim kebenaran isi"
".agent/tools/background-policy.mjs","retired","inventaris path saja; isi tidak diaudit ulang","—","Pertahankan file retired","Tidak ada klaim kebenaran isi"
".agent/tools/background-policy.test.mjs","retired","inventaris path saja; isi tidak diaudit ulang","—","Pertahankan file retired","Tidak ada klaim kebenaran isi"
".agent/tools/budget-wizard.mjs","retired","inventaris path saja; isi tidak diaudit ulang","—","Pertahankan file retired","Tidak ada klaim kebenaran isi"
".agent/tools/budget-wizard.test.mjs","retired","inventaris path saja; isi tidak diaudit ulang","—","Pertahankan file retired","Tidak ada klaim kebenaran isi"
".agent/tools/canonical-workflow-capability.test.mjs","retired","inventaris path saja; isi tidak diaudit ulang","—","Pertahankan file retired","Tidak ada klaim kebenaran isi"
".agent/tools/codex-install.test.mjs","aktif","inventaris path saja; isi tidak diaudit ulang","—","Tidak ada perubahan dari inventaris saja","Tidak ada klaim kebenaran isi"
".agent/tools/codex-pilot.mjs","aktif","inventaris path saja; isi tidak diaudit ulang","—","Tidak ada perubahan dari inventaris saja","Tidak ada klaim kebenaran isi"
".agent/tools/codex-pilot.test.mjs","aktif","inventaris path saja; isi tidak diaudit ulang","—","Tidak ada perubahan dari inventaris saja","Tidak ada klaim kebenaran isi"
".agent/tools/command-surface.test.mjs","aktif","inventaris path saja; isi tidak diaudit ulang","—","Tidak ada perubahan dari inventaris saja","Tidak ada klaim kebenaran isi"
".agent/tools/completion-receipts.test.mjs","aktif","inventaris path saja; isi tidak diaudit ulang","—","Tidak ada perubahan dari inventaris saja","Tidak ada klaim kebenaran isi"
".agent/tools/doc-lint.mjs","aktif","inventaris path saja; isi tidak diaudit ulang","—","Tidak ada perubahan dari inventaris saja","Tidak ada klaim kebenaran isi"
".agent/tools/doc-lint.test.mjs","aktif","inventaris path saja; isi tidak diaudit ulang","—","Tidak ada perubahan dari inventaris saja","Tidak ada klaim kebenaran isi"
".agent/tools/documentation-quality.test.mjs","aktif","inventaris path saja; isi tidak diaudit ulang","—","Tidak ada perubahan dari inventaris saja","Tidak ada klaim kebenaran isi"
".agent/tools/eval-gate-model.mjs","retired","inventaris path saja; isi tidak diaudit ulang","—","Pertahankan file retired","Tidak ada klaim kebenaran isi"
".agent/tools/eval-gate-model.test.mjs","retired","inventaris path saja; isi tidak diaudit ulang","—","Pertahankan file retired","Tidak ada klaim kebenaran isi"
".agent/tools/evidence-matrix.mjs","aktif","inventaris path saja; isi tidak diaudit ulang","—","Tidak ada perubahan dari inventaris saja","Tidak ada klaim kebenaran isi"
".agent/tools/evidence-matrix.test.mjs","aktif","inventaris path saja; isi tidak diaudit ulang","—","Tidak ada perubahan dari inventaris saja","Tidak ada klaim kebenaran isi"
".agent/tools/external-action-store.mjs","retired","inventaris path saja; isi tidak diaudit ulang","—","Pertahankan file retired","Tidak ada klaim kebenaran isi"
".agent/tools/external-action-store.test.mjs","retired","inventaris path saja; isi tidak diaudit ulang","—","Pertahankan file retired","Tidak ada klaim kebenaran isi"
".agent/tools/file-state.mjs","aktif","inventaris path saja; isi tidak diaudit ulang","—","Tidak ada perubahan dari inventaris saja","Tidak ada klaim kebenaran isi"
".agent/tools/file-state.test.mjs","aktif","inventaris path saja; isi tidak diaudit ulang","—","Tidak ada perubahan dari inventaris saja","Tidak ada klaim kebenaran isi"
".agent/tools/framework-audit.mjs","aktif","inventaris path saja; isi tidak diaudit ulang","—","Tidak ada perubahan dari inventaris saja","Tidak ada klaim kebenaran isi"
".agent/tools/framework-audit.test.mjs","aktif","inventaris path saja; isi tidak diaudit ulang","—","Tidak ada perubahan dari inventaris saja","Tidak ada klaim kebenaran isi"
".agent/tools/git-workflow.mjs","aktif","inventaris path saja; isi tidak diaudit ulang","—","Tidak ada perubahan dari inventaris saja","Tidak ada klaim kebenaran isi"
".agent/tools/git-workflow.test.mjs","aktif","inventaris path saja; isi tidak diaudit ulang","—","Tidak ada perubahan dari inventaris saja","Tidak ada klaim kebenaran isi"
".agent/tools/goal-waves.mjs","aktif","inventaris path saja; isi tidak diaudit ulang","—","Tidak ada perubahan dari inventaris saja","Tidak ada klaim kebenaran isi"
".agent/tools/goal-waves.test.mjs","aktif","inventaris path saja; isi tidak diaudit ulang","—","Tidak ada perubahan dari inventaris saja","Tidak ada klaim kebenaran isi"
".agent/tools/grilling-sdlc-contracts.test.mjs","aktif","inventaris path saja; isi tidak diaudit ulang","—","Tidak ada perubahan dari inventaris saja","Tidak ada klaim kebenaran isi"
".agent/tools/hitl-checkpoints.test.mjs","aktif","inventaris path saja; isi tidak diaudit ulang","—","Tidak ada perubahan dari inventaris saja","Tidak ada klaim kebenaran isi"
".agent/tools/hook-env-surface.test.mjs","aktif","inventaris path saja; isi tidak diaudit ulang","—","Tidak ada perubahan dari inventaris saja","Tidak ada klaim kebenaran isi"
".agent/tools/instruction-context.mjs","aktif","inventaris path saja; isi tidak diaudit ulang","—","Tidak ada perubahan dari inventaris saja","Tidak ada klaim kebenaran isi"
".agent/tools/instruction-context.test.mjs","aktif","inventaris path saja; isi tidak diaudit ulang","—","Tidak ada perubahan dari inventaris saja","Tidak ada klaim kebenaran isi"
".agent/tools/knowledge-search.mjs","aktif","inventaris path saja; isi tidak diaudit ulang","—","Tidak ada perubahan dari inventaris saja","Tidak ada klaim kebenaran isi"
".agent/tools/knowledge-search.test.mjs","aktif","inventaris path saja; isi tidak diaudit ulang","—","Tidak ada perubahan dari inventaris saja","Tidak ada klaim kebenaran isi"
".agent/tools/loop-cancellation-coordinator.mjs","retired","inventaris path saja; isi tidak diaudit ulang","—","Pertahankan file retired","Tidak ada klaim kebenaran isi"
".agent/tools/loop-cancellation-coordinator.test.mjs","retired","inventaris path saja; isi tidak diaudit ulang","—","Pertahankan file retired","Tidak ada klaim kebenaran isi"
".agent/tools/loop-learning-model.mjs","retired","inventaris path saja; isi tidak diaudit ulang","—","Pertahankan file retired","Tidak ada klaim kebenaran isi"
".agent/tools/loop-learning-model.test.mjs","retired","inventaris path saja; isi tidak diaudit ulang","—","Pertahankan file retired","Tidak ada klaim kebenaran isi"
".agent/tools/loop-learning-store.mjs","retired","inventaris path saja; isi tidak diaudit ulang","—","Pertahankan file retired","Tidak ada klaim kebenaran isi"
".agent/tools/loop-learning-store.test.mjs","retired","inventaris path saja; isi tidak diaudit ulang","—","Pertahankan file retired","Tidak ada klaim kebenaran isi"
".agent/tools/loop-queue-model.mjs","retired","inventaris path saja; isi tidak diaudit ulang","—","Pertahankan file retired","Tidak ada klaim kebenaran isi"
".agent/tools/loop-queue-model.test.mjs","retired","inventaris path saja; isi tidak diaudit ulang","—","Pertahankan file retired","Tidak ada klaim kebenaran isi"
".agent/tools/loop-queue.mjs","retired","inventaris path saja; isi tidak diaudit ulang","—","Pertahankan file retired","Tidak ada klaim kebenaran isi"
".agent/tools/loop-queue.test.mjs","retired","inventaris path saja; isi tidak diaudit ulang","—","Pertahankan file retired","Tidak ada klaim kebenaran isi"
".agent/tools/loop-run-model.mjs","retired","inventaris path saja; isi tidak diaudit ulang","—","Pertahankan file retired","Tidak ada klaim kebenaran isi"
".agent/tools/loop-run-model.test.mjs","retired","inventaris path saja; isi tidak diaudit ulang","—","Pertahankan file retired","Tidak ada klaim kebenaran isi"
".agent/tools/loop-run.mjs","retired","inventaris path saja; isi tidak diaudit ulang","—","Pertahankan file retired","Tidak ada klaim kebenaran isi"
".agent/tools/loop-run.test.mjs","retired","inventaris path saja; isi tidak diaudit ulang","—","Pertahankan file retired","Tidak ada klaim kebenaran isi"
".agent/tools/loop-telemetry-model.mjs","retired","inventaris path saja; isi tidak diaudit ulang","—","Pertahankan file retired","Tidak ada klaim kebenaran isi"
".agent/tools/loop-telemetry-model.test.mjs","retired","inventaris path saja; isi tidak diaudit ulang","—","Pertahankan file retired","Tidak ada klaim kebenaran isi"
".agent/tools/loop-telemetry-store.mjs","retired","inventaris path saja; isi tidak diaudit ulang","—","Pertahankan file retired","Tidak ada klaim kebenaran isi"
".agent/tools/loop-telemetry-store.test.mjs","retired","inventaris path saja; isi tidak diaudit ulang","—","Pertahankan file retired","Tidak ada klaim kebenaran isi"
".agent/tools/maintenance-recovery.test.mjs","aktif","inventaris path saja; isi tidak diaudit ulang","—","Tidak ada perubahan dari inventaris saja","Tidak ada klaim kebenaran isi"
".agent/tools/memory-maintenance.mjs","aktif","inventaris path saja; isi tidak diaudit ulang","—","Tidak ada perubahan dari inventaris saja","Tidak ada klaim kebenaran isi"
".agent/tools/memory-maintenance.test.mjs","aktif","inventaris path saja; isi tidak diaudit ulang","—","Tidak ada perubahan dari inventaris saja","Tidak ada klaim kebenaran isi"
".agent/tools/migrate-loop-v2.mjs","retired","inventaris path saja; isi tidak diaudit ulang","—","Pertahankan file retired","Tidak ada klaim kebenaran isi"
".agent/tools/migrate-loop-v2.test.mjs","retired","inventaris path saja; isi tidak diaudit ulang","—","Pertahankan file retired","Tidak ada klaim kebenaran isi"
".agent/tools/paired-eval.test.mjs","aktif","inventaris path saja; isi tidak diaudit ulang","—","Tidak ada perubahan dari inventaris saja","Tidak ada klaim kebenaran isi"
".agent/tools/prevention-checks.mjs","aktif","inventaris path saja; isi tidak diaudit ulang","—","Tidak ada perubahan dari inventaris saja","Tidak ada klaim kebenaran isi"
".agent/tools/prevention-checks.test.mjs","aktif","inventaris path saja; isi tidak diaudit ulang","—","Tidak ada perubahan dari inventaris saja","Tidak ada klaim kebenaran isi"
".agent/tools/project-config.mjs","retired","inventaris path saja; isi tidak diaudit ulang","—","Pertahankan file retired","Tidak ada klaim kebenaran isi"
".agent/tools/project-config.test.mjs","retired","inventaris path saja; isi tidak diaudit ulang","—","Pertahankan file retired","Tidak ada klaim kebenaran isi"
".agent/tools/project-safety-state.mjs","retired","inventaris path saja; isi tidak diaudit ulang","—","Pertahankan file retired","Tidak ada klaim kebenaran isi"
".agent/tools/project-safety-state.test.mjs","retired","inventaris path saja; isi tidak diaudit ulang","—","Pertahankan file retired","Tidak ada klaim kebenaran isi"
".agent/tools/public-docs-loop-runtime.test.mjs","retired","inventaris path saja; isi tidak diaudit ulang","—","Pertahankan file retired","Tidak ada klaim kebenaran isi"
".agent/tools/readiness-gate.mjs","aktif","inventaris path saja; isi tidak diaudit ulang","—","Tidak ada perubahan dari inventaris saja","Tidak ada klaim kebenaran isi"
".agent/tools/readiness-gate.test.mjs","aktif","inventaris path saja; isi tidak diaudit ulang","—","Tidak ada perubahan dari inventaris saja","Tidak ada klaim kebenaran isi"
".agent/tools/release-cutover.mjs","retired","inventaris path saja; isi tidak diaudit ulang","—","Pertahankan file retired","Tidak ada klaim kebenaran isi"
".agent/tools/release-cutover.test.mjs","retired","inventaris path saja; isi tidak diaudit ulang","—","Pertahankan file retired","Tidak ada klaim kebenaran isi"
".agent/tools/run-local-tests.mjs","aktif","inventaris path saja; isi tidak diaudit ulang","—","Tidak ada perubahan dari inventaris saja","Tidak ada klaim kebenaran isi"
".agent/tools/runtime-contracts.test.mjs","retired","inventaris path saja; isi tidak diaudit ulang","—","Pertahankan file retired","Tidak ada klaim kebenaran isi"
".agent/tools/schema-validator.mjs","retired","inventaris path saja; isi tidak diaudit ulang","—","Pertahankan file retired","Tidak ada klaim kebenaran isi"
".agent/tools/schema-validator.test.mjs","retired","inventaris path saja; isi tidak diaudit ulang","—","Pertahankan file retired","Tidak ada klaim kebenaran isi"
".agent/tools/session-baseline.mjs","aktif","inventaris path saja; isi tidak diaudit ulang","—","Tidak ada perubahan dari inventaris saja","Tidak ada klaim kebenaran isi"
".agent/tools/session-baseline.test.mjs","aktif","inventaris path saja; isi tidak diaudit ulang","—","Tidak ada perubahan dari inventaris saja","Tidak ada klaim kebenaran isi"
".agent/tools/setup.mjs","aktif","bagian relevan + setup fixture","ND-11","Routing natural-language tanpa memperluas authority","Enam adapter; install ulang no-op; JSON tetap"
".agent/tools/setup.test.mjs","aktif","bagian relevan + setup fixture","ND-11","Routing natural-language tanpa memperluas authority","Enam adapter; install ulang no-op; JSON tetap"
".agent/tools/token-benchmark.mjs","aktif","inventaris path saja; isi tidak diaudit ulang","—","Tidak ada perubahan dari inventaris saja","Tidak ada klaim kebenaran isi"
".agent/tools/token-benchmark.test.mjs","aktif","inventaris path saja; isi tidak diaudit ulang","—","Tidak ada perubahan dari inventaris saja","Tidak ada klaim kebenaran isi"
".agent/tools/transcript-usage.mjs","aktif","inventaris path saja; isi tidak diaudit ulang","—","Tidak ada perubahan dari inventaris saja","Tidak ada klaim kebenaran isi"
".agent/tools/transcript-usage.test.mjs","aktif","inventaris path saja; isi tidak diaudit ulang","—","Tidak ada perubahan dari inventaris saja","Tidak ada klaim kebenaran isi"
".agent/tools/validate-doc-claims.mjs","aktif","inventaris path saja; isi tidak diaudit ulang","—","Tidak ada perubahan dari inventaris saja","Tidak ada klaim kebenaran isi"
".agent/tools/validate-doc-claims.test.mjs","aktif","inventaris path saja; isi tidak diaudit ulang","—","Tidak ada perubahan dari inventaris saja","Tidak ada klaim kebenaran isi"
".agent/tools/verification-recipe.mjs","aktif","inventaris path saja; isi tidak diaudit ulang","—","Tidak ada perubahan dari inventaris saja","Tidak ada klaim kebenaran isi"
".agent/tools/verification-recipe.test.mjs","aktif","inventaris path saja; isi tidak diaudit ulang","—","Tidak ada perubahan dari inventaris saja","Tidak ada klaim kebenaran isi"
".agent/tools/verified-promise.mjs","aktif","inventaris path saja; isi tidak diaudit ulang","—","Tidak ada perubahan dari inventaris saja","Tidak ada klaim kebenaran isi"
".agent/tools/verified-promise.test.mjs","aktif","inventaris path saja; isi tidak diaudit ulang","—","Tidak ada perubahan dari inventaris saja","Tidak ada klaim kebenaran isi"
".agent/tools/work-package.mjs","aktif","inventaris path saja; isi tidak diaudit ulang","—","Tidak ada perubahan dari inventaris saja","Tidak ada klaim kebenaran isi"
".agent/tools/work-package.test.mjs","aktif","inventaris path saja; isi tidak diaudit ulang","—","Tidak ada perubahan dari inventaris saja","Tidak ada klaim kebenaran isi"
".agent/tools/workflow-admission.mjs","retired","inventaris path saja; isi tidak diaudit ulang","—","Pertahankan file retired","Tidak ada klaim kebenaran isi"
".agent/tools/workflow-admission.test.mjs","retired","inventaris path saja; isi tidak diaudit ulang","—","Pertahankan file retired","Tidak ada klaim kebenaran isi"
".agent/tools/workflow-capability-bridge.test.mjs","retired","inventaris path saja; isi tidak diaudit ulang","—","Pertahankan file retired","Tidak ada klaim kebenaran isi"
".agent/tools/workflow-contracts.test.mjs","aktif","inventaris path saja; isi tidak diaudit ulang","—","Tidak ada perubahan dari inventaris saja","Tidak ada klaim kebenaran isi"
".agent/workflows/sc-audit.md","aktif","penuh + konsistensi","ND-11;ND-05;ND-06","Contoh input/prasyarat/hasil/next; scope tetap","18 workflow tetap; compact/full selaras"
".agent/workflows/sc-compound.md","aktif","penuh + konsistensi","ND-11;ND-05;ND-06","Contoh input/prasyarat/hasil/next; scope tetap","18 workflow tetap; compact/full selaras"
".agent/workflows/sc-debug.md","aktif","penuh + konsistensi","ND-11;ND-05;ND-06","Contoh input/prasyarat/hasil/next; scope tetap","18 workflow tetap; compact/full selaras"
".agent/workflows/sc-eval.md","aktif","penuh + konsistensi","ND-11;ND-05;ND-06","Contoh input/prasyarat/hasil/next; scope tetap","18 workflow tetap; compact/full selaras"
".agent/workflows/sc-evolve.md","aktif","penuh + konsistensi","ND-11;ND-05;ND-06","Contoh input/prasyarat/hasil/next; scope tetap","18 workflow tetap; compact/full selaras"
".agent/workflows/sc-explore.md","aktif","penuh + konsistensi","ND-11;ND-05;ND-06","Contoh input/prasyarat/hasil/next; scope tetap","18 workflow tetap; compact/full selaras"
".agent/workflows/sc-geniusloop.md","aktif","penuh + konsistensi","ND-11;ND-05;ND-06","Contoh input/prasyarat/hasil/next; scope tetap","18 workflow tetap; compact/full selaras"
".agent/workflows/sc-go.md","aktif","penuh + konsistensi","ND-11;ND-05;ND-06","Contoh input/prasyarat/hasil/next; scope tetap","18 workflow tetap; compact/full selaras"
".agent/workflows/sc-init.md","aktif","penuh + konsistensi","ND-11;ND-05;ND-06","Contoh input/prasyarat/hasil/next; scope tetap","18 workflow tetap; compact/full selaras"
".agent/workflows/sc-launch.md","aktif","penuh + konsistensi","ND-11;ND-05;ND-06","Contoh input/prasyarat/hasil/next; scope tetap","18 workflow tetap; compact/full selaras"
".agent/workflows/sc-pause.md","aktif","penuh + konsistensi","ND-11;ND-05;ND-06","Contoh input/prasyarat/hasil/next; scope tetap","18 workflow tetap; compact/full selaras"
".agent/workflows/sc-plan.md","aktif","penuh + konsistensi","ND-11;ND-05;ND-06","Contoh input/prasyarat/hasil/next; scope tetap","18 workflow tetap; compact/full selaras"
".agent/workflows/sc-prd.md","aktif","penuh + konsistensi","ND-11;ND-05;ND-06","Contoh input/prasyarat/hasil/next; scope tetap","18 workflow tetap; compact/full selaras"
".agent/workflows/sc-research.md","aktif","penuh + konsistensi","ND-11;ND-05;ND-06","Contoh input/prasyarat/hasil/next; scope tetap","18 workflow tetap; compact/full selaras"
".agent/workflows/sc-review.md","aktif","penuh + konsistensi","ND-11;ND-05;ND-06","Contoh input/prasyarat/hasil/next; scope tetap","18 workflow tetap; compact/full selaras"
".agent/workflows/sc-status.md","aktif","penuh + konsistensi","ND-11;ND-05;ND-06","Contoh input/prasyarat/hasil/next; scope tetap","18 workflow tetap; compact/full selaras"
".agent/workflows/sc-ui.md","aktif","penuh + konsistensi","ND-11;ND-05;ND-06","Contoh input/prasyarat/hasil/next; scope tetap","18 workflow tetap; compact/full selaras"
".agent/workflows/sc-work.md","aktif","penuh + konsistensi","ND-11;ND-05;ND-06","Contoh input/prasyarat/hasil/next; scope tetap","18 workflow tetap; compact/full selaras"
".claude/agents/architect.md","aktif","inventaris path saja; isi tidak diaudit ulang","—","Tidak ada perubahan dari inventaris saja","Tidak ada klaim kebenaran isi"
".claude/agents/brain.md","aktif","inventaris path saja; isi tidak diaudit ulang","—","Tidak ada perubahan dari inventaris saja","Tidak ada klaim kebenaran isi"
".claude/agents/build-fixer.md","aktif","inventaris path saja; isi tidak diaudit ulang","—","Tidak ada perubahan dari inventaris saja","Tidak ada klaim kebenaran isi"
".claude/agents/code-reviewer.md","aktif","inventaris path saja; isi tidak diaudit ulang","—","Tidak ada perubahan dari inventaris saja","Tidak ada klaim kebenaran isi"
".claude/agents/doc-updater.md","aktif","inventaris path saja; isi tidak diaudit ulang","—","Tidak ada perubahan dari inventaris saja","Tidak ada klaim kebenaran isi"
".claude/agents/e2e-runner.md","aktif","inventaris path saja; isi tidak diaudit ulang","—","Tidak ada perubahan dari inventaris saja","Tidak ada klaim kebenaran isi"
".claude/commands/sc-audit.md","aktif","inventaris path saja; isi tidak diaudit ulang","—","Tidak ada perubahan dari inventaris saja","Tidak ada klaim kebenaran isi"
".claude/commands/sc-compound.md","aktif","inventaris path saja; isi tidak diaudit ulang","—","Tidak ada perubahan dari inventaris saja","Tidak ada klaim kebenaran isi"
".claude/commands/sc-debug.md","aktif","inventaris path saja; isi tidak diaudit ulang","—","Tidak ada perubahan dari inventaris saja","Tidak ada klaim kebenaran isi"
".claude/commands/sc-eval.md","aktif","inventaris path saja; isi tidak diaudit ulang","—","Tidak ada perubahan dari inventaris saja","Tidak ada klaim kebenaran isi"
".claude/commands/sc-evolve.md","aktif","inventaris path saja; isi tidak diaudit ulang","—","Tidak ada perubahan dari inventaris saja","Tidak ada klaim kebenaran isi"
".claude/commands/sc-explore.md","aktif","inventaris path saja; isi tidak diaudit ulang","—","Tidak ada perubahan dari inventaris saja","Tidak ada klaim kebenaran isi"
".claude/commands/sc-geniusloop.md","aktif","inventaris path saja; isi tidak diaudit ulang","—","Tidak ada perubahan dari inventaris saja","Tidak ada klaim kebenaran isi"
".claude/commands/sc-go.md","aktif","inventaris path saja; isi tidak diaudit ulang","—","Tidak ada perubahan dari inventaris saja","Tidak ada klaim kebenaran isi"
".claude/commands/sc-init.md","aktif","inventaris path saja; isi tidak diaudit ulang","—","Tidak ada perubahan dari inventaris saja","Tidak ada klaim kebenaran isi"
".claude/commands/sc-launch.md","aktif","inventaris path saja; isi tidak diaudit ulang","—","Tidak ada perubahan dari inventaris saja","Tidak ada klaim kebenaran isi"
".claude/commands/sc-pause.md","aktif","inventaris path saja; isi tidak diaudit ulang","—","Tidak ada perubahan dari inventaris saja","Tidak ada klaim kebenaran isi"
".claude/commands/sc-plan.md","aktif","inventaris path saja; isi tidak diaudit ulang","—","Tidak ada perubahan dari inventaris saja","Tidak ada klaim kebenaran isi"
".claude/commands/sc-prd.md","aktif","inventaris path saja; isi tidak diaudit ulang","—","Tidak ada perubahan dari inventaris saja","Tidak ada klaim kebenaran isi"
".claude/commands/sc-research.md","aktif","inventaris path saja; isi tidak diaudit ulang","—","Tidak ada perubahan dari inventaris saja","Tidak ada klaim kebenaran isi"
".claude/commands/sc-review.md","aktif","inventaris path saja; isi tidak diaudit ulang","—","Tidak ada perubahan dari inventaris saja","Tidak ada klaim kebenaran isi"
".claude/commands/sc-status.md","aktif","inventaris path saja; isi tidak diaudit ulang","—","Tidak ada perubahan dari inventaris saja","Tidak ada klaim kebenaran isi"
".claude/commands/sc-ui.md","aktif","inventaris path saja; isi tidak diaudit ulang","—","Tidak ada perubahan dari inventaris saja","Tidak ada klaim kebenaran isi"
".claude/commands/sc-work.md","aktif","inventaris path saja; isi tidak diaudit ulang","—","Tidak ada perubahan dari inventaris saja","Tidak ada klaim kebenaran isi"
".claude/rules/agent-framework.md","aktif","inventaris path saja; isi tidak diaudit ulang","—","Tidak ada perubahan dari inventaris saja","Tidak ada klaim kebenaran isi"
".claude/rules/documentation.md","aktif","inventaris path saja; isi tidak diaudit ulang","—","Tidak ada perubahan dari inventaris saja","Tidak ada klaim kebenaran isi"
".claude/settings.json","aktif","inventaris path saja; isi tidak diaudit ulang","—","Tidak ada perubahan dari inventaris saja","Tidak ada klaim kebenaran isi"
".codex/README.md","aktif","inventaris path saja; isi tidak diaudit ulang","—","Tidak ada perubahan dari inventaris saja","Tidak ada klaim kebenaran isi"
".codex/SKILL.md","aktif","bagian relevan + setup fixture","ND-11","Routing natural-language tanpa memperluas authority","Enam adapter; install ulang no-op; JSON tetap"
".codex/install-super-compound.ps1","aktif","inventaris path saja; isi tidak diaudit ulang","—","Tidak ada perubahan dari inventaris saja","Tidak ada klaim kebenaran isi"
".codex/install-super-compound.sh","aktif","inventaris path saja; isi tidak diaudit ulang","—","Tidak ada perubahan dari inventaris saja","Tidak ada klaim kebenaran isi"
".continue-here.md","aktif","inventaris path saja; isi tidak diaudit ulang","—","Tidak ada perubahan dari inventaris saja","Tidak ada klaim kebenaran isi"
".gitattributes","aktif","inventaris path saja; isi tidak diaudit ulang","—","Tidak ada perubahan dari inventaris saja","Tidak ada klaim kebenaran isi"
".github/workflows/ci.yml","aktif","inventaris path saja; isi tidak diaudit ulang","—","Tidak ada perubahan dari inventaris saja","Tidak ada klaim kebenaran isi"
".gitignore","aktif","inventaris path saja; isi tidak diaudit ulang","—","Tidak ada perubahan dari inventaris saja","Tidak ada klaim kebenaran isi"
".mcp.json","aktif","inventaris path saja; isi tidak diaudit ulang","—","Tidak ada perubahan dari inventaris saja","Tidak ada klaim kebenaran isi"
".tmp/delivery/evidence.paths","aktif","inventaris path saja; isi tidak diaudit ulang","—","Tidak ada perubahan dari inventaris saja","Tidak ada klaim kebenaran isi"
".tmp/delivery/foundation.paths","aktif","inventaris path saja; isi tidak diaudit ulang","—","Tidak ada perubahan dari inventaris saja","Tidak ada klaim kebenaran isi"
".tmp/delivery/policy.paths","aktif","inventaris path saja; isi tidak diaudit ulang","—","Tidak ada perubahan dari inventaris saja","Tidak ada klaim kebenaran isi"
".tmp/delivery/pr-body.md","aktif","inventaris path saja; isi tidak diaudit ulang","—","Tidak ada perubahan dari inventaris saja","Tidak ada klaim kebenaran isi"
".tmp/delivery/selected.json","aktif","inventaris path saja; isi tidak diaudit ulang","—","Tidak ada perubahan dari inventaris saja","Tidak ada klaim kebenaran isi"
".tmp/delivery/setup.paths","aktif","inventaris path saja; isi tidak diaudit ulang","—","Tidak ada perubahan dari inventaris saja","Tidak ada klaim kebenaran isi"
".tmp/finalize-pstack.py","aktif","inventaris path saja; isi tidak diaudit ulang","—","Tidak ada perubahan dari inventaris saja","Tidak ada klaim kebenaran isi"
".tmp/freeze-pstack.py","aktif","inventaris path saja; isi tidak diaudit ulang","—","Tidak ada perubahan dari inventaris saja","Tidak ada klaim kebenaran isi"
".tmp/inspect-registry.ps1","aktif","inventaris path saja; isi tidak diaudit ulang","—","Tidak ada perubahan dari inventaris saja","Tidak ada klaim kebenaran isi"
".tmp/pstack-final-tests.log","aktif","inventaris path saja; isi tidak diaudit ulang","—","Tidak ada perubahan dari inventaris saja","Tidak ada klaim kebenaran isi"
".tmp/pstack-inventory.py","aktif","inventaris path saja; isi tidak diaudit ulang","—","Tidak ada perubahan dari inventaris saja","Tidak ada klaim kebenaran isi"
".tmp/verify-pstack.ps1","aktif","inventaris path saja; isi tidak diaudit ulang","—","Tidak ada perubahan dari inventaris saja","Tidak ada klaim kebenaran isi"
".tmp/wire-pstack.py","aktif","inventaris path saja; isi tidak diaudit ulang","—","Tidak ada perubahan dari inventaris saja","Tidak ada klaim kebenaran isi"
"AGENTS.md","aktif","inventaris path saja; isi tidak diaudit ulang","—","Tidak ada perubahan dari inventaris saja","Tidak ada klaim kebenaran isi"
"CHANGELOG.md","aktif","bagian relevan","ND-01–ND-11","Riwayat behavior dan evidence","Link report valid; sejarah tetap"
"CLAUDE.md","aktif","inventaris path saja; isi tidak diaudit ulang","—","Tidak ada perubahan dari inventaris saja","Tidak ada klaim kebenaran isi"
"README.md","aktif","bagian relevan + links","ND-03;ND-04;ND-11","Satu tugas awal; lima skenario; detail sebagai referensi","Contoh dan next action ditemukan; link valid"
"SETUP.md","aktif","bagian relevan + links","ND-03;ND-04;ND-11","Satu tugas awal; lima skenario; detail sebagai referensi","Contoh dan next action ditemukan; link valid"
"SUPER-COMPOUND.md","aktif","bagian relevan + konsistensi","ND-04;ND-06","Knowledge advisory; applicability UI","Authority/provenance dan topology konsisten"
"WALKTHROUGH.md","aktif","bagian relevan + links","ND-03;ND-04;ND-11","Satu tugas awal; lima skenario; detail sebagai referensi","Contoh dan next action ditemukan; link valid"
"docs/ERROR_LOG.md","aktif","inventaris path saja; isi tidak diaudit ulang","—","Tidak ada perubahan dari inventaris saja","Tidak ada klaim kebenaran isi"
"docs/LEARNED_KNOWLEDGE.md","aktif","inventaris path saja; isi tidak diaudit ulang","—","Tidak ada perubahan dari inventaris saja","Tidak ada klaim kebenaran isi"
"docs/STATE.md","aktif","inventaris path saja; isi tidak diaudit ulang","—","Tidak ada perubahan dari inventaris saja","Tidak ada klaim kebenaran isi"
"docs/archive/2026-06-20-gap-analysis.md","aktif","inventaris path saja; isi tidak diaudit ulang","—","Tidak ada perubahan dari inventaris saja","Tidak ada klaim kebenaran isi"
"docs/audits/2026-07-11-super-compound-token-efficiency.md","aktif","inventaris path saja; isi tidak diaudit ulang","—","Tidak ada perubahan dari inventaris saja","Tidak ada klaim kebenaran isi"
"docs/audits/2026-07-16-loop-engineering-gap-audit.md","aktif","inventaris path saja; isi tidak diaudit ulang","—","Tidak ada perubahan dari inventaris saja","Tidak ada klaim kebenaran isi"
"docs/audits/2026-08-20-cross-framework-gap-analysis.md","aktif","inventaris path saja; isi tidak diaudit ulang","—","Tidak ada perubahan dari inventaris saja","Tidak ada klaim kebenaran isi"
"docs/audits/2026-08-20-output-format-debloat.md","aktif","inventaris path saja; isi tidak diaudit ulang","—","Tidak ada perubahan dari inventaris saja","Tidak ada klaim kebenaran isi"
"docs/audits/2026-09-02-cross-framework-gap-analysis-wave3.md","aktif","inventaris path saja; isi tidak diaudit ulang","—","Tidak ada perubahan dari inventaris saja","Tidak ada klaim kebenaran isi"
"docs/audits/2026-09-20-simplify-wave.md","aktif","inventaris path saja; isi tidak diaudit ulang","—","Tidak ada perubahan dari inventaris saja","Tidak ada klaim kebenaran isi"
"docs/audits/2026-10-03-knowledge-loop-gap-analysis.md","aktif","inventaris path saja; isi tidak diaudit ulang","—","Tidak ada perubahan dari inventaris saja","Tidak ada klaim kebenaran isi"
"docs/audits/2026-10-04-new-developer-improvements.md","aktif","ditulis dan direview pada implementasi","ND-01–ND-11","Ringkasan temuan; bukti; batas dan next action","Link dan evidence sesuai pemeriksaan aktual"
"docs/audits/2026-10-04-pstack-gap-analysis.md","aktif","inventaris path saja; isi tidak diaudit ulang","—","Tidak ada perubahan dari inventaris saja","Tidak ada klaim kebenaran isi"
"docs/brainstorms/2026-02-11-compatibility-check-brainstorm.md","aktif","inventaris path saja; isi tidak diaudit ulang","—","Tidak ada perubahan dari inventaris saja","Tidak ada klaim kebenaran isi"
"docs/brainstorms/2026-02-11-init-workflow-brainstorm.md","aktif","inventaris path saja; isi tidak diaudit ulang","—","Tidak ada perubahan dari inventaris saja","Tidak ada klaim kebenaran isi"
"docs/brainstorms/2026-07-11-sc-research-boundary-brainstorm.md","aktif","inventaris path saja; isi tidak diaudit ulang","—","Tidak ada perubahan dari inventaris saja","Tidak ada klaim kebenaran isi"
"docs/brainstorms/context7-readme.md","aktif","inventaris path saja; isi tidak diaudit ulang","—","Tidak ada perubahan dari inventaris saja","Tidak ada klaim kebenaran isi"
"docs/brd/.gitkeep","aktif","inventaris path saja; isi tidak diaudit ulang","—","Tidak ada perubahan dari inventaris saja","Tidak ada klaim kebenaran isi"
"docs/brd/brd-loop-runtime-v2.md","retired","inventaris path saja; isi tidak diaudit ulang","—","Pertahankan file retired","Tidak ada klaim kebenaran isi"
"docs/brd/brd-pstack-enhancement.md","aktif","inventaris path saja; isi tidak diaudit ulang","—","Tidak ada perubahan dari inventaris saja","Tidak ada klaim kebenaran isi"
"docs/debug/.gitkeep","aktif","inventaris path saja; isi tidak diaudit ulang","—","Tidak ada perubahan dari inventaris saja","Tidak ada klaim kebenaran isi"
"docs/engineering-standards.md","aktif","inventaris path saja; isi tidak diaudit ulang","—","Tidak ada perubahan dari inventaris saja","Tidak ada klaim kebenaran isi"
"docs/eval-results/2026-09-03-wave4-baseline.md","aktif","inventaris path saja; isi tidak diaudit ulang","—","Tidak ada perubahan dari inventaris saja","Tidak ada klaim kebenaran isi"
"docs/eval-results/autonomy-recovery-20261004.md","aktif","inventaris path saja; isi tidak diaudit ulang","—","Tidak ada perubahan dari inventaris saja","Tidak ada klaim kebenaran isi"
"docs/eval-results/grilling-sdlc-20261003.md","aktif","inventaris path saja; isi tidak diaudit ulang","—","Tidak ada perubahan dari inventaris saja","Tidak ada klaim kebenaran isi"
"docs/eval-results/hitl-checkpoints-20261004.md","aktif","bagian relevan","ND-09","Catat revalidation dan batas bukti","Tidak klaim live host reliability"
"docs/eval-results/knowledge-loop-20261003.md","aktif","inventaris path saja; isi tidak diaudit ulang","—","Tidak ada perubahan dari inventaris saja","Tidak ada klaim kebenaran isi"
"docs/eval-results/pstack-20261004.md","aktif","inventaris path saja; isi tidak diaudit ulang","—","Tidak ada perubahan dari inventaris saja","Tidak ada klaim kebenaran isi"
"docs/eval-results/pstack-20261004/deterministic-tests.log","aktif","inventaris path saja; isi tidak diaudit ulang","—","Tidak ada perubahan dari inventaris saja","Tidak ada klaim kebenaran isi"
"docs/eval-results/pstack-20261004/evidence-manifest.json","aktif","inventaris path saja; isi tidak diaudit ulang","—","Tidak ada perubahan dari inventaris saja","Tidak ada klaim kebenaran isi"
"docs/eval-results/pstack-20261004/protocol.json","aktif","inventaris path saja; isi tidak diaudit ulang","—","Tidak ada perubahan dari inventaris saja","Tidak ada klaim kebenaran isi"
"docs/eval-results/pstack-20261004/session-1.grade.json","aktif","inventaris path saja; isi tidak diaudit ulang","—","Tidak ada perubahan dari inventaris saja","Tidak ada klaim kebenaran isi"
"docs/eval-results/pstack-20261004/session-1.jsonl","aktif","inventaris path saja; isi tidak diaudit ulang","—","Tidak ada perubahan dari inventaris saja","Tidak ada klaim kebenaran isi"
"docs/eval-results/pstack-20261004/session-1.stderr.log","aktif","inventaris path saja; isi tidak diaudit ulang","—","Tidak ada perubahan dari inventaris saja","Tidak ada klaim kebenaran isi"
"docs/eval-results/pstack-20261004/session-10.grade.json","aktif","inventaris path saja; isi tidak diaudit ulang","—","Tidak ada perubahan dari inventaris saja","Tidak ada klaim kebenaran isi"
"docs/eval-results/pstack-20261004/session-10.jsonl","aktif","inventaris path saja; isi tidak diaudit ulang","—","Tidak ada perubahan dari inventaris saja","Tidak ada klaim kebenaran isi"
"docs/eval-results/pstack-20261004/session-10.stderr.log","aktif","inventaris path saja; isi tidak diaudit ulang","—","Tidak ada perubahan dari inventaris saja","Tidak ada klaim kebenaran isi"
"docs/eval-results/pstack-20261004/session-2.grade.json","aktif","inventaris path saja; isi tidak diaudit ulang","—","Tidak ada perubahan dari inventaris saja","Tidak ada klaim kebenaran isi"
"docs/eval-results/pstack-20261004/session-2.jsonl","aktif","inventaris path saja; isi tidak diaudit ulang","—","Tidak ada perubahan dari inventaris saja","Tidak ada klaim kebenaran isi"
"docs/eval-results/pstack-20261004/session-2.stderr.log","aktif","inventaris path saja; isi tidak diaudit ulang","—","Tidak ada perubahan dari inventaris saja","Tidak ada klaim kebenaran isi"
"docs/eval-results/pstack-20261004/session-3.grade.json","aktif","inventaris path saja; isi tidak diaudit ulang","—","Tidak ada perubahan dari inventaris saja","Tidak ada klaim kebenaran isi"
"docs/eval-results/pstack-20261004/session-3.jsonl","aktif","inventaris path saja; isi tidak diaudit ulang","—","Tidak ada perubahan dari inventaris saja","Tidak ada klaim kebenaran isi"
"docs/eval-results/pstack-20261004/session-3.stderr.log","aktif","inventaris path saja; isi tidak diaudit ulang","—","Tidak ada perubahan dari inventaris saja","Tidak ada klaim kebenaran isi"
"docs/eval-results/pstack-20261004/session-4.grade.json","aktif","inventaris path saja; isi tidak diaudit ulang","—","Tidak ada perubahan dari inventaris saja","Tidak ada klaim kebenaran isi"
"docs/eval-results/pstack-20261004/session-4.jsonl","aktif","inventaris path saja; isi tidak diaudit ulang","—","Tidak ada perubahan dari inventaris saja","Tidak ada klaim kebenaran isi"
"docs/eval-results/pstack-20261004/session-4.stderr.log","aktif","inventaris path saja; isi tidak diaudit ulang","—","Tidak ada perubahan dari inventaris saja","Tidak ada klaim kebenaran isi"
"docs/eval-results/pstack-20261004/session-5.grade.json","aktif","inventaris path saja; isi tidak diaudit ulang","—","Tidak ada perubahan dari inventaris saja","Tidak ada klaim kebenaran isi"
"docs/eval-results/pstack-20261004/session-5.jsonl","aktif","inventaris path saja; isi tidak diaudit ulang","—","Tidak ada perubahan dari inventaris saja","Tidak ada klaim kebenaran isi"
"docs/eval-results/pstack-20261004/session-5.stderr.log","aktif","inventaris path saja; isi tidak diaudit ulang","—","Tidak ada perubahan dari inventaris saja","Tidak ada klaim kebenaran isi"
"docs/eval-results/pstack-20261004/session-6.grade.json","aktif","inventaris path saja; isi tidak diaudit ulang","—","Tidak ada perubahan dari inventaris saja","Tidak ada klaim kebenaran isi"
"docs/eval-results/pstack-20261004/session-6.jsonl","aktif","inventaris path saja; isi tidak diaudit ulang","—","Tidak ada perubahan dari inventaris saja","Tidak ada klaim kebenaran isi"
"docs/eval-results/pstack-20261004/session-6.stderr.log","aktif","inventaris path saja; isi tidak diaudit ulang","—","Tidak ada perubahan dari inventaris saja","Tidak ada klaim kebenaran isi"
"docs/eval-results/pstack-20261004/session-7.grade.json","aktif","inventaris path saja; isi tidak diaudit ulang","—","Tidak ada perubahan dari inventaris saja","Tidak ada klaim kebenaran isi"
"docs/eval-results/pstack-20261004/session-7.jsonl","aktif","inventaris path saja; isi tidak diaudit ulang","—","Tidak ada perubahan dari inventaris saja","Tidak ada klaim kebenaran isi"
"docs/eval-results/pstack-20261004/session-7.stderr.log","aktif","inventaris path saja; isi tidak diaudit ulang","—","Tidak ada perubahan dari inventaris saja","Tidak ada klaim kebenaran isi"
"docs/eval-results/pstack-20261004/session-8.grade.json","aktif","inventaris path saja; isi tidak diaudit ulang","—","Tidak ada perubahan dari inventaris saja","Tidak ada klaim kebenaran isi"
"docs/eval-results/pstack-20261004/session-8.jsonl","aktif","inventaris path saja; isi tidak diaudit ulang","—","Tidak ada perubahan dari inventaris saja","Tidak ada klaim kebenaran isi"
"docs/eval-results/pstack-20261004/session-8.stderr.log","aktif","inventaris path saja; isi tidak diaudit ulang","—","Tidak ada perubahan dari inventaris saja","Tidak ada klaim kebenaran isi"
"docs/eval-results/pstack-20261004/session-9.grade.json","aktif","inventaris path saja; isi tidak diaudit ulang","—","Tidak ada perubahan dari inventaris saja","Tidak ada klaim kebenaran isi"
"docs/eval-results/pstack-20261004/session-9.jsonl","aktif","inventaris path saja; isi tidak diaudit ulang","—","Tidak ada perubahan dari inventaris saja","Tidak ada klaim kebenaran isi"
"docs/eval-results/pstack-20261004/session-9.stderr.log","aktif","inventaris path saja; isi tidak diaudit ulang","—","Tidak ada perubahan dari inventaris saja","Tidak ada klaim kebenaran isi"
"docs/eval-results/pstack-20261004/trials.json","aktif","inventaris path saja; isi tidak diaudit ulang","—","Tidak ada perubahan dari inventaris saja","Tidak ada klaim kebenaran isi"
"docs/eval-results/pstack-20261004/verdict.json","aktif","inventaris path saja; isi tidak diaudit ulang","—","Tidak ada perubahan dari inventaris saja","Tidak ada klaim kebenaran isi"
"docs/eval-results/ui-contract-readiness-20260716.md","aktif","inventaris path saja; isi tidak diaudit ulang","—","Tidak ada perubahan dari inventaris saja","Tidak ada klaim kebenaran isi"
"docs/fsd/.gitkeep","aktif","inventaris path saja; isi tidak diaudit ulang","—","Tidak ada perubahan dari inventaris saja","Tidak ada klaim kebenaran isi"
"docs/fsd/fsd-loop-runtime-v2.md","retired","inventaris path saja; isi tidak diaudit ulang","—","Pertahankan file retired","Tidak ada klaim kebenaran isi"
"docs/fsd/fsd-pstack-enhancement.md","aktif","inventaris path saja; isi tidak diaudit ulang","—","Tidak ada perubahan dari inventaris saja","Tidak ada klaim kebenaran isi"
"docs/geniusloop/.gitkeep","aktif","inventaris path saja; isi tidak diaudit ulang","—","Tidak ada perubahan dari inventaris saja","Tidak ada klaim kebenaran isi"
"docs/learnings/README.md","aktif","inventaris path saja; isi tidak diaudit ulang","—","Tidak ada perubahan dari inventaris saja","Tidak ada klaim kebenaran isi"
"docs/loop-runtime-v2.md","retired","inventaris path saja; isi tidak diaudit ulang","—","Pertahankan file retired","Tidak ada klaim kebenaran isi"
"docs/prd/.gitkeep","aktif","inventaris path saja; isi tidak diaudit ulang","—","Tidak ada perubahan dari inventaris saja","Tidak ada klaim kebenaran isi"
"docs/prd/prd-loop-runtime-v2.md","retired","inventaris path saja; isi tidak diaudit ulang","—","Pertahankan file retired","Tidak ada klaim kebenaran isi"
"docs/prd/prd-pstack-enhancement.md","aktif","inventaris path saja; isi tidak diaudit ulang","—","Tidak ada perubahan dari inventaris saja","Tidak ada klaim kebenaran isi"
"docs/progress.md","aktif","inventaris path saja; isi tidak diaudit ulang","—","Tidak ada perubahan dari inventaris saja","Tidak ada klaim kebenaran isi"
"docs/proposals/.gitkeep","aktif","inventaris path saja; isi tidak diaudit ulang","—","Tidak ada perubahan dari inventaris saja","Tidak ada klaim kebenaran isi"
"docs/research/.gitkeep","aktif","inventaris path saja; isi tidak diaudit ulang","—","Tidak ada perubahan dari inventaris saja","Tidak ada klaim kebenaran isi"
"docs/reviews/2026-07-17-loop-runtime-v2-goal-002-gap-01-review.md","retired","inventaris path saja; isi tidak diaudit ulang","—","Pertahankan file retired","Tidak ada klaim kebenaran isi"
"docs/reviews/2026-07-17-loop-runtime-v2-goal-002-review.md","retired","inventaris path saja; isi tidak diaudit ulang","—","Pertahankan file retired","Tidak ada klaim kebenaran isi"
"docs/reviews/2026-07-17-loop-runtime-v2-goal-003-final-review.md","retired","inventaris path saja; isi tidak diaudit ulang","—","Pertahankan file retired","Tidak ada klaim kebenaran isi"
"docs/reviews/2026-07-17-loop-runtime-v2-goal-003-gap-01-retry-review.md","retired","inventaris path saja; isi tidak diaudit ulang","—","Pertahankan file retired","Tidak ada klaim kebenaran isi"
"docs/reviews/2026-07-17-loop-runtime-v2-goal-003-review.md","retired","inventaris path saja; isi tidak diaudit ulang","—","Pertahankan file retired","Tidak ada klaim kebenaran isi"
"docs/reviews/2026-07-17-loop-runtime-v2-plan-verification.md","retired","inventaris path saja; isi tidak diaudit ulang","—","Pertahankan file retired","Tidak ada klaim kebenaran isi"
"docs/solutions/adr-0001-loop-run-controller-v2.md","retired","inventaris path saja; isi tidak diaudit ulang","—","Pertahankan file retired","Tidak ada klaim kebenaran isi"
"docs/solutions/config-issues/rules-not-showing-in-antigravity-ui-20260211.md","aktif","inventaris path saja; isi tidak diaudit ulang","—","Tidak ada perubahan dari inventaris saja","Tidak ada klaim kebenaran isi"
"docs/solutions/knowledge-management/e056eb0af73d97aadf1f.md","aktif","inventaris path saja; isi tidak diaudit ulang","—","Tidak ada perubahan dari inventaris saja","Tidak ada klaim kebenaran isi"
"docs/solutions/performance-issues/framework-sync-context-integrity-20260710.md","aktif","inventaris path saja; isi tidak diaudit ulang","—","Tidak ada perubahan dari inventaris saja","Tidak ada klaim kebenaran isi"
"docs/solutions/performance-issues/token-runtime-contracts-20260626.md","aktif","inventaris path saja; isi tidak diaudit ulang","—","Tidak ada perubahan dari inventaris saja","Tidak ada klaim kebenaran isi"
"docs/todos/2026-10-04-new-developer-follow-ups.md","aktif","ditulis dan direview pada implementasi","ND-F01–ND-F03","Capture fase berikutnya dan batas acceptance","Tidak ada deferral tersembunyi"
"package.json","aktif","inventaris path saja; isi tidak diaudit ulang","—","Tidak ada perubahan dari inventaris saja","Tidak ada klaim kebenaran isi"
